0x00401000,40
0x00401030,39
0x00401060,61
0x004010a0,63
0x004010e0,1382
0x00401650,135
0x004016e0,72
0x00401730,385
0x004018c0,166
0x00401970,346
0x00401ad0,129
0x00401b60,43
0x00401b90,37
0x00401bc0,168
0x00401c70,125
0x00401cf0,45
0x00401e00,953
0x004021c0,57
0x00402200,63
0x00402240,718
0x00402510,45
0x00402540,10
0x00402550,25
0x00402570,75
0x004025c0,312
0x00402700,41
0x00402730,31
0x00402750,99
0x004027c0,72
0x00402870,16
0x00402880,86
0x00402910,293
0x00402a40,298
0x00402b70,63
0x00402bb0,63
0x00402bf0,16
0x00402c00,171
0x00402cb0,1233
0x004031b0,348
0x00403320,147
0x004033c0,1155
0x00403870,423
0x00403a20,449
0x00403c60,103
0x00403cd0,116
0x00403d50,66
0x00403da0,55
0x00403de0,46
0x00403e10,103
0x00403e80,154
0x00403f20,81
0x00403f80,156
0x00404020,298
0x00404150,265
0x00404260,259
0x00404370,188
0x00404430,173
0x004044e0,79
0x00404530,421
0x00404720,70
0x00404770,139
0x00404800,54
0x00404840,79
0x00404890,39
0x004048c0,67
0x00404910,50
0x004049e0,223
0x00404ac0,121
0x00404b40,178
0x00404c00,746
0x00404f10,236
0x00405000,127
0x00405080,122
0x00405100,242
0x00405200,223
0x004052e0,215
0x00405400,165
0x004054b0,63
0x004054f0,151
0x00405590,111
0x00405600,329
0x0040579a,20
0x004057ae,187
0x00405870,107
0x004058e0,133
0x00405970,63
0x004059b0,141
0x00405a40,29
0x00405a60,311
0x00405c30,503
0x00405e30,260
0x00405f40,165
0x00405ff0,78
0x00406040,45
0x00406070,54
0x00406190,16
0x004061d0,59
0x00406210,16
0x00406260,59
0x004062a0,129
0x00406330,29
0x004063a0,311
0x004064e0,90
0x00406540,28
0x00406560,53
0x004065a0,37
0x004065d0,364
0x00406740,54
0x00406780,34
0x004067b0,26
0x00406800,63
0x00406840,459
0x00406a99,180
0x00406b50,21
0x00406b70,74
0x00406bc0,91
0x00406c20,137
0x00406cb0,605
0x00406f97,202
0x00407070,240
0x00407160,87
0x004071c0,91
0x00407220,57
0x00407260,71
0x004072b0,61
0x004072f0,143
0x00407380,47
0x004073b0,216
0x00407490,172
0x00407540,378
0x004076c0,37
0x004076f0,165
0x004077a0,34
0x004077d0,34
0x00407800,129
0x00407890,121
0x00407910,10
0x00407920,3611
0x00408740,90
0x004087a0,839
0x00408af0,320
0x00408c30,462
0x00408e00,210
0x00408ee0,1006
0x004092d0,544
0x004094f0,86
0x00409550,511
0x00409750,1711
0x00409e10,191
0x00409ed0,646
0x0040a160,533
0x0040a460,743
0x0040a750,4787
0x0040bc30,9
0x0040bc40,175
0x0040bcf0,196
0x0040bdc0,136
0x0040be50,230
0x0040bf40,333
0x0040c090,80
0x0040c0e0,32
0x0040c100,80
0x0040c150,32
0x0040c1e0,193
0x0040c2b0,31
0x0040c2d0,31
0x0040c2f0,16
0x0040c300,50
0x0040c340,83
0x0040c3a0,16
0x0040c3b0,108
0x0040c420,126
0x0040c4a0,693
0x0040c880,360
0x0040c9f0,291
0x0040cb20,220
0x0040cc00,47
0x0040cc30,59
0x0040cc70,1975
0x0040d430,686
0x0040d6f0,807
0x0040da20,29
0x0040da40,120
0x0040dac0,390
0x0040dc50,183
0x0040dd10,245
0x0040de10,59
0x0040de50,59
0x0040de90,17
0x0040deb0,64
0x0040def0,63
0x0040df30,64
0x0040df70,101
0x0040dfe0,113
0x0040e060,178
0x0040e120,79
0x0040e170,324
0x0040e2c0,155
0x0040e360,285
0x0040e480,285
0x0040e5a0,423
0x0040e750,20
0x0040e770,13
0x0040e780,45
0x0040e7b0,17
0x0040e7d0,13
0x0040e7e0,30
0x0040e800,30
0x0040e820,30
0x0040e840,30
0x0040e860,276
0x0040e980,113
0x0040ea00,149
0x0040eaa0,51
0x0040eae0,287
0x0040ec00,143
0x0040ec90,432
0x0040ee40,1347
0x0040f390,41
0x0040f3c0,245
0x0040f4c0,212
0x0040f5a0,117
0x0040f620,970
0x0040f9f0,51
0x0040fa30,79
0x0040fa80,188
0x0040fb40,48
0x0040fb70,209
0x0040fc50,290
0x0040fd80,57
0x0040fdc0,71
0x0040fe10,73
0x0040fe60,59
0x0040fea0,48
0x0040fed0,215
0x0040ffb0,99
0x00410020,156
0x004100c0,698
0x00410380,424
0x00410530,317
0x00410670,266
0x00410780,119
0x00410830,83
0x00410890,101
0x00410900,180
0x004109c0,217
0x00410aa0,1306
0x00411030,309
0x00411170,559
0x004113a0,1227
0x00411870,519
0x00411a80,145
0x00411b20,948
0x00411ee0,75
0x00411f30,31
0x00411f50,628
0x004121d0,204
0x004122a0,94
0x00412300,246
0x00412400,2042
0x00412c00,1496
0x004131e0,248
0x004132e0,99
0x00413350,104
0x004133c0,84
0x00413420,59
0x00413460,63
0x004134a0,430
0x00413650,889
0x004139d0,98
0x00413a40,19
0x00413a60,28
0x00413a80,287
0x00413ba0,161
0x00413c50,144
0x00413ce0,238
0x00413dd0,191
0x00413e90,102
0x00413f00,89
0x00413f60,37
0x00413f90,67
0x00413fe0,170
0x00414090,177
0x00414150,34
0x00414180,168
0x00414230,76
0x00414280,94
0x004142e0,70
0x00414330,147
0x004143d0,286
0x004144f0,390
0x00414680,219
0x00414760,219
0x00414840,219
0x00414920,82
0x00414980,104
0x004149f0,91
0x00414a50,254
0x00414b50,20
0x00414ba0,17
0x00414bc0,45
0x00414bf0,44
0x00414c20,59
0x00414c60,288
0x00414d80,758
0x00415080,639
0x00415300,1886
0x00415a60,702
0x00415d20,384
0x00415ea0,222
0x00415f80,272
0x00416090,254
0x00416190,80
0x004161e0,76
0x00416230,86
0x00416290,268
0x004163a0,44
0x004163d0,59
0x00416410,154
0x004164b0,125
0x00416530,490
0x00416720,372
0x004168b0,171
0x00416960,307
0x00416aa0,301
0x00416bd0,235
0x00416cc0,145
0x00416d60,126
0x00416de0,36
0x00416e10,19
0x00416e30,103
0x00416ea0,247
0x00416fa0,103
0x00417010,93
0x00417070,198
0x00417140,50
0x00417180,26
0x004171a0,188
0x00417260,44
0x00417290,175
0x00417340,310
0x00417480,666
0x00417720,82
0x00417780,128
0x00417800,61
0x00417840,95
0x004178b0,91
0x00417910,282
0x00417a30,143
0x00417ac0,111
0x00417b30,320
0x00417c80,329
0x00417dd0,174
0x00417e80,180
0x00417f40,426
0x004180f0,13
0x00418100,44
0x00418130,546
0x00418360,69
0x004183b0,115
0x00418430,127
0x004184b0,54
0x004184f0,120
0x00418570,88
0x004185d0,36
0x00418600,53
0x00418640,126
0x004186c0,44
0x004186f0,38
0x00418720,39
0x00418750,91
0x004187b0,253
0x004188e0,172
0x00418990,347
0x00418af0,177
0x00418bb0,150
0x00418c50,193
0x00418d20,122
0x00418da0,74
0x00418df0,300
0x00418f20,185
0x00418fe0,116
0x00419060,54
0x004190a0,135
0x00419130,82
0x00419190,168
0x00419240,85
0x004192a0,134
0x00419330,28
0x00419350,72
0x004193a0,72
0x004193f0,39
0x00419420,741
0x00419710,37
0x00419740,131
0x004197d0,112
0x00419840,57
0x00419880,67
0x004198d0,207
0x004199a0,112
0x00419a10,66
0x00419a60,25
0x00419a80,168
0x00419b30,59
0x00419b70,110
0x00419be0,155
0x00419c80,174
0x00419d30,143
0x00419dc0,201
0x00419e90,62
0x00419ed0,165
0x00419f80,277
0x0041a0a0,110
0x0041a110,249
0x0041a210,81
0x0041a270,25
0x0041a290,155
0x0041a330,160
0x0041a3d0,140
0x0041a460,28
0x0041a480,141
0x0041a510,134
0x0041a5a0,199
0x0041a670,298
0x0041a7a0,269
0x0041a8b0,294
0x0041a9e0,81
0x0041aa40,94
0x0041aaa0,25
0x0041aac0,154
0x0041ab60,164
0x0041ac10,143
0x0041aca0,190
0x0041ad60,62
0x0041ada0,525
0x0041afb0,116
0x0041b030,347
0x0041b190,59
0x0041b1d0,77
0x0041b220,537
0x0041b440,512
0x0041b660,142
0x0041b6f0,250
0x0041b7f0,166
0x0041b8a0,138
0x0041b930,111
0x0041b9a0,52
0x0041b9e0,307
0x0041bb20,67
0x0041bb70,306
0x0041bcb0,59
0x0041bcf0,88
0x0041bd50,70
0x0041bda0,415
0x0041bf40,137
0x0041bfd0,179
0x0041c090,44
0x0041c0c0,131
0x0041c150,814
0x0041c480,55
0x0041c4c0,117
0x0041c540,542
0x0041c760,85
0x0041c7c0,77
0x0041c810,86
0x0041c870,425
0x0041ca20,240
0x0041cb10,62
0x0041cb50,788
0x0041ce90,665
0x0041d130,42
0x0041d160,44
0x0041d190,250
0x0041d290,408
0x0041d430,225
0x0041d520,109
0x0041d590,379
0x0041d710,241
0x0041d810,202
0x0041d8e0,85
0x0041d940,3590
0x0041e790,97
0x0041e800,101
0x0041e870,293
0x0041e9a0,44
0x0041e9d0,128
0x0041ea50,1823
0x0041f170,1659
0x0041f7f0,398
0x0041f980,676
0x0041fc30,345
0x0041fd90,326
0x0041fee0,29
0x0041ff00,101
0x0041ff70,60
0x0041ffb0,30
0x0041ffd0,426
0x00420180,691
0x00420450,150
0x004204f0,150
0x00420590,241
0x00420690,335
0x004207e0,109
0x00420850,664
0x00420b00,253
0x00420c00,655
0x00420e90,121
0x00420f10,52
0x00420f50,65
0x00420fa0,131
0x00421030,46
0x00421060,149
0x00421100,111
0x00421170,67
0x004211c0,207
0x00421290,112
0x00421300,66
0x00421350,124
0x004213d0,374
0x004215e0,26
0x00421600,34
0x00421630,90
0x00421690,39
0x004216c0,25
0x004216e0,63
0x00421720,124
0x004217a0,286
0x004218c0,14
0x004218d0,48
0x00421900,151
0x004219a0,532
0x00421bc0,78
0x00421c10,48
0x00421c40,117
0x00421cc0,48
0x00421cf0,231
0x00421de0,69
0x00421e30,145
0x00421ed0,44
0x00421f00,36
0x00421f30,70
0x00421f80,79
0x00421fd0,64
0x00422010,64
0x00422050,64
0x00422090,65
0x004220e0,61
0x00422120,161
0x004221d0,61
0x00422210,64
0x00422250,121
0x004222d0,67
0x00422320,95
0x00422380,95
0x004223e0,108
0x00422450,108
0x004224c0,148
0x00422560,95
0x004225c0,64
0x00422600,61
0x00422640,61
0x00422680,61
0x004226c0,46
0x004226f0,65
0x00422740,61
0x00422780,61
0x004227c0,61
0x00422800,62
0x00422840,62
0x00422880,62
0x004228c0,61
0x00422900,65
0x00422950,65
0x004229a0,65
0x004229f0,64
0x00422a30,64
0x00422a70,65
0x00422ac0,64
0x00422b00,65
0x00422b50,61
0x00422b90,61
0x00422bd0,61
0x00422c10,73
0x00422c60,151
0x00422d00,71
0x00422d50,122
0x00422dd0,67
0x00422e20,93
0x00422e80,71
0x00422ed0,296
0x00423000,924
0x004233a0,17
0x004233c0,44
0x004233f0,138
0x00423480,543
0x004236a0,145
0x00423740,219
0x00423820,57
0x00423860,195
0x00423930,87
0x00423990,282
0x00423ab0,3688
0x00424920,76
0x00424970,46
0x004249a0,72
0x004249f0,46
0x00424a20,72
0x00424a70,76
0x00424ac0,76
0x00424b10,1101
0x00424f60,506
0x00425160,347
0x004252c0,1343
0x00425800,167
0x004258b0,18
0x00425db0,816
0x004260e0,266
0x004261f0,116
0x00426270,566
0x004264b0,299
0x004265e0,600
0x00426840,136
0x004268d0,28
0x004268f0,107
0x00426960,137
0x004269f0,493
0x00426be0,73
0x00426c30,38
0x00426c60,155
0x00426d00,531
0x00426f20,486
0x00427110,361
0x00427280,134
0x00427330,216
0x00427410,139
0x004274a0,48
0x004274e0,53
0x00427520,375
0x004276a0,153
0x00427740,83
0x004277a0,93
0x00427800,7
0x00427810,348
0x00427970,234
0x00427a60,10
0x00427a70,234
0x00427b60,548
0x00427d90,70
0x00427de0,330
0x00427f30,257
0x00428040,111
0x004280b0,531
0x004282d0,1526
0x004288d0,242
0x004289d0,923
0x00428d70,441
0x00428f30,12
0x00428f40,12
0x00428f50,12
0x00428f60,12
0x00428f70,10
0x00428f80,63
0x00428fc0,79
0x00429010,417
0x004291c0,257
0x004292d0,90
0x00429330,118
0x004293b0,49
0x004293f0,129
0x00429480,132
0x00429510,227
0x00429600,230
0x004296f0,488
0x004298e0,98
0x00429950,123
0x004299d0,44
0x00429a00,401
0x00429ba0,853
0x00429f00,275
0x0042a020,127
0x0042a0a0,166
0x0042a150,156
0x0042a1f0,35
0x0042a220,428
0x0042a3d0,159
0x0042a470,13
0x0042a480,327
0x0042a5d0,44
0x0042a600,209
0x0042a6e0,205
0x0042a7b0,25
0x0042a7d0,609
0x0042aa40,70
0x0042aa90,35
0x0042aac0,54
0x0042ab00,191
0x0042abc0,24269
0x00430c50,205
0x00430d20,377
0x00430ea0,657
0x00431140,737
0x00431430,345
0x00431590,281
0x004316b0,280
0x004317d0,5367
0x00432cd0,9
0x00432ce0,456
0x00432eb0,45
0x00432ee0,40
0x00432f10,28
0x00432f30,28
0x00432f50,36
0x00432f80,32
0x00432fa0,883
0x00433320,1167
0x004337b0,1307
0x00433cd0,1493
0x004342b0,145
0x00434350,1557
0x00434970,485
0x00434b60,485
0x00434d50,1069
0x00435180,133
0x00435210,133
0x004352a0,129
0x00435330,133
0x004353c0,70
0x00435410,28
0x00435430,20
0x00435450,24
0x00435470,389
0x00435600,186
0x004356c0,23
0x004356e0,54
0x00435720,1885
0x00435e80,113
0x00435f00,487
0x004360f0,264
0x00436200,74
0x00436250,475
0x00436430,397
0x004365e0,27
0x00436600,45
0x00436630,202
0x00436700,114
0x00436780,539
0x004369a0,496
0x00436b90,985
0x00436f70,63
0x00436fb0,720
0x00437280,18
0x004372a0,253
0x004373a0,2083
0x00437bd0,1870
0x00438320,514
0x00438530,533
0x00438750,18
0x00438770,13
0x00438780,947
0x00438b40,745
0x00438e30,1349
0x00439380,1160
0x00439810,632
0x00439a90,540
0x00439cb0,1044
0x0043a0d0,824
0x0043a410,366
0x0043a580,419
0x0043a730,1474
0x0043ad00,1239
0x0043b1e0,1214
0x0043b6a0,238
0x0043b790,945
0x0043bb50,1603
0x0043c1a0,96
0x0043c200,78
0x0043c250,63
0x0043c290,7862
0x0043e150,105
0x0043e1c0,1478
0x0043e7c0,181
0x0043e8b0,661
0x0043eb50,641
0x0043ede0,2250
0x0043f6b0,2210
0x0043ff60,1685
0x00440600,1536
0x00440c00,161
0x00440cb0,158
0x00440d50,2235
0x00441610,1976
0x00441dd0,642
0x00442060,20
0x00442080,12
0x00442090,344
0x004421f0,1269
0x004426f0,1432
0x00442c90,1269
0x00443190,1432
0x00443730,3002
0x004442f0,888
0x00444670,1982
0x00444e80,1058
0x004452b0,82
0x00445310,1371
0x00445870,558
0x00445aa0,1213
0x00445f60,1515
0x00446550,366
0x004466c0,1632
0x00446d20,863
0x00447080,628
0x00447300,1841
0x00447a40,486
0x00447c30,1053
0x00448050,133
0x004480e0,2094
0x00448910,2137
0x00449170,76
0x004491c0,102
0x00449230,63
0x00449270,63
0x004492b0,102
0x00449320,151
0x004493c0,132
0x00449450,494
0x00449640,266
0x00449750,6836
0x0044b210,89
0x0044b270,221
0x0044b350,124
0x0044b3d0,102
0x0044b440,162
0x0044b4f0,939
0x0044b8a0,52
0x0044b8e0,1167
0x0044bd70,2857
0x0044c8a0,82
0x0044c900,57
0x0044c940,1995
0x0044d110,4580
0x0044e300,214
0x0044e3e0,2127
0x0044ec30,665
0x0044eed0,65
0x0044ef20,1665
0x0044f5b0,147
0x0044f650,4197
0x004506c0,1869
0x00450e10,1159
0x004512a0,122
0x00451320,70
0x00451370,226
0x00451460,203
0x00451530,110
0x004515a0,19
0x004515c0,63
0x00451600,90
0x00451660,102
0x004516d0,82
0x00451730,112
0x004517a0,90
0x00451800,63
0x00451840,124
0x00451930,151
0x004519d0,173
0x00451a80,323
0x00451bd0,271
0x00451ce0,21
0x00451d00,23
0x00451d20,63
0x00451d60,121
0x00451de0,60
0x00451e20,21
0x00451e40,24
0x00451e60,129
0x00451ef0,13
0x00451f00,17
0x00451f20,203
0x00451ff0,181
0x004520b0,28
0x004520d0,28
0x004520f0,37
0x00452120,1550
0x00452730,180
0x004527f0,17
0x00452810,31
0x00452830,34
0x00452860,34
0x00452890,13
0x004528a0,17
0x004528c0,490
0x00452ab0,291
0x00452be0,259
0x00452cf0,80
0x00452d40,34
0x00452d70,336
0x00452ec0,28
0x00452ee0,28
0x00452f00,126
0x00452f80,1839
0x004536b0,365
0x00453860,679
0x00453b50,418
0x00453d40,365
0x00453ef0,425
0x00454110,372
0x004542f0,126
0x00454370,72
0x004543c0,38
0x004543f0,38
0x00454420,32
0x00454450,38
0x00454480,38
0x004544b0,32
0x004544e0,32
0x00454510,32
0x00454540,32
0x00454570,38
0x004545a0,32
0x004545d0,369
0x00454750,522
0x00454960,29
0x00454980,19
0x004549a0,13
0x004549b0,13
0x004549c0,254
0x00454ac0,213
0x00454ba0,39
0x00454bd0,126
0x00454c50,13
0x00454c60,13
0x00454c70,230
0x00454d60,129
0x00454df0,256
0x00454ef0,265
0x00455000,129
0x00455090,278
0x004551b0,129
0x00455240,262
0x00455350,117
0x004553d0,122
0x00455450,39
0x00455480,126
0x00455500,158
0x004555a0,101
0x00455610,132
0x004556a0,95
0x00455700,245
0x00455800,17
0x00455820,17
0x00455840,17
0x00455860,58
0x004558a0,13
0x004558b0,20
0x004558d0,44
0x00455900,64
0x00455940,13
0x00455950,13
0x00455960,131
0x004559f0,145
0x00455a90,439
0x00455c50,44
0x00455c80,147
0x00455d20,28
0x00455d40,44
0x00455d70,212
0x00455e50,13
0x00455e60,13
0x00455e70,909
0x00456200,129
0x00456290,72
0x004562e0,184
0x004563a0,145
0x00456440,19
0x00456460,129
0x004564f0,275
0x00456610,141
0x004566a0,151
0x00456740,46
0x00456770,142
0x00456800,132
0x00456890,144
0x00456920,44
0x00456950,129
0x004569e0,144
0x00456a70,132
0x00456b00,143
0x00456b90,78
0x00456be0,225
0x00456cd0,47
0x00456d00,278
0x00456e20,20
0x00456e40,45
0x00456e70,44
0x00456ea0,270
0x00456fb0,722
0x00457290,287
0x004573b0,185
0x00457470,148
0x00457510,2428
0x00457e90,2390
0x004587f0,67
0x00458840,254
0x00458940,14
0x00458950,44
0x00458980,253
0x00458a80,90
0x00458ae0,130
0x00458b70,2452
0x00459510,20
0x00459530,45
0x00459560,31
0x00459580,41
0x004595b0,56
0x004595f0,123
0x00459670,123
0x004596f0,17
0x00459710,43
0x00459780,43
0x004597b0,20
0x004597d0,25
0x004597f0,20
0x00459810,25
0x00459830,25
0x00459850,23
0x00459870,26
0x00459890,20
0x004598b0,18
0x004598d0,17
0x004598f0,54
0x00459930,20
0x00459950,25
0x00459970,25
0x00459990,20
0x004599b0,25
0x004599d0,20
0x004599f0,21
0x00459a10,21
0x00459a30,24
0x00459a50,18
0x00459a70,24
0x00459a90,18
0x00459ab0,49
0x00459af0,57
0x00459b30,22
0x00459b50,17
0x00459b70,22
0x00459b90,17
0x00459bb0,36
0x00459be0,36
0x00459c10,17
0x00459c30,63
0x00459c70,17
0x00459c90,46
0x00459cc0,22
0x00459ce0,17
0x00459d00,44
0x00459d30,44
0x00459d60,18
0x00459d80,18
0x00459da0,17
0x00459dc0,18
0x00459de0,18
0x00459e00,18
0x00459e20,17
0x00459e40,154
0x00459ee0,17
0x00459f00,98
0x00459f70,31
0x00459f90,31
0x00459fb0,68
0x0045a000,41
0x0045a030,277
0x0045a150,54
0x0045a190,891
0x0045a510,3238
0x0045b1c0,3275
0x0045be90,61
0x0045bed0,55
0x0045bf10,23
0x0045bf30,23
0x0045bf50,1343
0x0045c490,234
0x0045c580,154
0x0045c620,100
0x0045c690,180
0x0045c750,95
0x0045c7b0,83
0x0045c810,1992
0x0045cfe0,74
0x0045d030,175
0x0045d0e0,1315
0x0045d610,15
0x0045d620,2324
0x0045df40,96
0x0045dfa0,1145
0x0045e420,306
0x0045e560,6260
0x0045fde0,599
0x00460040,85
0x004600a0,71
0x004600f0,1394
0x00460670,412
0x00460810,253
0x00460910,362
0x00460a80,88
0x00460ae0,203
0x00460bb0,100
0x00460c20,552
0x00460e50,532
0x00461070,176
0x00461120,70
0x00461170,190
0x00461230,208
0x00461300,389
0x00461490,69
0x004614e0,80
0x00461530,74
0x00461580,79
0x004615d0,39
0x00461600,110
0x00461670,549
0x004618b0,480
0x00461aa0,134
0x00461b30,57
0x00461b70,239
0x00461c60,144
0x00461cf0,122
0x00461d70,121
0x00461df0,217
0x00461ed0,21
0x00461ef0,293
0x00462020,335
0x00462170,421
0x00462320,944
0x004626d0,1210
0x00462b90,187
0x00462c50,115
0x00462cd0,121
0x00462d50,963
0x00463120,151
0x004631c0,243
0x004632c0,55
0x00463300,53
0x00463340,217
0x00463420,485
0x00463610,190
0x00463710,129
0x004637a0,39
0x004637d0,106
0x00463840,90
0x004638a0,90
0x00463900,343
0x00463a60,39
0x00463a90,136
0x00463b20,41
0x00463b50,75
0x00463ba0,90
0x00463c00,63
0x00463c40,63
0x00463c80,63
0x00463cc0,63
0x00463d00,63
0x00463d40,112
0x00463db0,63
0x00463df0,63
0x00463e30,63
0x00463e70,90
0x00463ed0,63
0x00463ff0,74
0x00464040,341
0x004641a0,324
0x004642f0,162
0x004643a0,151
0x00464440,44
0x00464470,143
0x00464500,1742
0x00464bd0,31
0x00464bf0,56
0x00464c30,22
0x00464c50,35
0x00464c80,31
0x00464ca0,38
0x00464cd0,25
0x00464cf0,17
0x00464d10,33
0x00464d40,44
0x00464d70,1082
0x004651b0,21
0x004651d0,21
0x004651f0,20
0x00465210,30
0x00465230,95
0x00465290,102
0x00465300,512
0x00465500,88
0x00465560,225
0x00465650,170
0x00465700,102
0x00465770,633
0x004659f0,25
0x00465a10,205
0x00465ae0,203
0x00465bb0,112
0x00465c20,112
0x00465c90,762
0x00465f90,846
0x004662e0,500
0x004664e0,536
0x00466700,2471
0x004670b0,614
0x00467330,540
0x00467550,236
0x00467640,263
0x00467750,12
0x00467760,12
0x00467770,1438
0x00467d70,1346
0x004682c0,1055
0x004686e0,242
0x004687e0,876
0x00468b50,644
0x00468de0,999
0x004691d0,220
0x004692b0,89
0x00469310,1595
0x00469950,362
0x00469ac0,74
0x00469b10,2433
0x0046a4a0,44
0x0046a4d0,88
0x0046a530,243
0x0046a630,155
0x0046a6d0,217
0x0046a7b0,228
0x0046a8a0,213
0x0046a980,671
0x0046ac20,4409
0x0046bd60,372
0x0046bee0,10
0x0046bef0,361
0x0046c060,53
0x0046c0a0,51
0x0046c0e0,82
0x0046c140,79
0x0046c190,281
0x0046c2b0,781
0x0046c5c0,1830
0x0046ccf0,171
0x0046cda0,151
0x0046ce40,151
0x0046cee0,57
0x0046cf20,780
0x0046d230,331
0x0046d380,63
0x0046d440,38
0x0046d470,157
0x0046d510,68
0x0046db40,2115
0x0046e390,291
0x0046e4c0,122
0x0046e540,1127
0x0046e9b0,125
0x0046ea30,3040
0x0046f610,204
0x0046f6e0,137
0x0046f770,368
0x0046f8e0,194
0x0046f9b0,238
0x0046faa0,111
0x0046fb10,44
0x0046fb40,26
0x0046fb60,21
0x0046fb80,69
0x0046fbd0,330
0x0046fd20,394
0x0046feb0,121
0x0046ff30,52
0x0046ff70,20
0x0046ff90,25
0x0046ffb0,72
0x00470000,644
0x00470290,2598
0x00470cc0,466
0x00470ea0,136
0x00470f30,333
0x00471080,1630
0x004716e0,328
0x00471830,431
0x004719e0,138
0x00471aa0,29
0x00471ac0,18
0x00471c30,1857
0x00472380,43
0x004723b0,47
0x004723e0,118
0x00472460,71
0x004724b0,121
0x00472530,119
0x004725b0,46
0x004725e0,45
0x00472610,22
0x00472630,356
0x004727a0,91
0x00472800,19
0x00472820,30
0x00472840,1836
0x00472f90,122
0x00473010,79
0x00473060,567
0x004732a0,965
0x00473680,133
0x00473710,54
0x00473750,70
0x004737a0,54
0x004737e0,79
0x00473830,99
0x004738a0,111
0x00473910,39
0x00473940,139
0x004739d0,166
0x00473a80,163
0x00473b30,197
0x00473c17,30
0x00473c40,59
0x00473c80,245
0x00473d80,200
0x00473e50,41
0x00473e80,36
0x00473eb0,136
0x00473f40,102
0x00473fb0,79
0x00474000,41
0x00474030,90
0x00474090,63
0x004740d0,63
0x00474110,93
0x004741e0,74
0x00474230,317
0x00474370,44
0x004743a0,30
0x004743c0,148
0x00474460,105
0x004744d0,523
0x004746e0,25
0x00474700,620
0x00474970,108
0x004749e0,25
0x00474a00,203
0x00474ad0,213
0x00474bb0,67
0x00474c00,133
0x00474c90,456
0x00474e60,20
0x00474e80,28
0x00474ea0,35
0x00474ed0,61
0x00474f10,129
0x00474fa0,128
0x00475020,166
0x004750d0,451
0x004752a0,1099
0x004756f0,216
0x004757d0,160
0x00475870,160
0x00475910,160
0x004759b0,72
0x00475a00,110
0x00475a70,53
0x00475ab0,422
0x00475c60,236
0x00475d50,157
0x00475df0,95
0x00475e50,71
0x00475ea0,192
0x00475f70,69
0x00475fc0,111
0x00476030,223
0x00476110,67
0x00476160,73
0x004761b0,109
0x00476220,199
0x004762f0,116
0x00476370,50
0x004763b0,446
0x00476570,43
0x004765a0,20
0x004765c0,43
0x004765f0,43
0x00476620,81
0x00476680,44
0x004766b0,44
0x004766e0,40
0x00476710,10
0x00476720,152
0x004767c0,78
0x00476810,45
0x00476840,44
0x00476870,29
0x00476890,20
0x004768b0,560
0x00476ae0,56
0x00476b20,89
0x00476b80,91
0x00476be0,3337
0x004778f0,20
0x00477910,27
0x00477930,44
0x00477960,44
0x00477990,2262
0x00478270,130
0x00478300,1251
0x004787f0,121
0x00478870,356
0x004789e0,10
0x004789f0,10
0x00478a00,31
0x00478a20,98
0x00478a90,422
0x00478c40,25
0x00478c60,43
0x00478c90,10
0x00478ca0,15
0x00478cb0,20
0x00478cd0,15
0x00478ce0,15
0x00478cf0,20
0x00478d10,15
0x00478d20,15
0x00478d30,15
0x00478d40,15
0x00478d50,22
0x00478d70,43
0x00478da0,175
0x00478e50,10
0x00478e60,22
0x00478e80,19
0x00478ea0,12
0x00478eb0,12
0x00478ec0,12
0x00478ed0,12
0x00478ee0,18
0x00478f00,10
0x00478f10,37
0x00478f40,12
0x00478f50,18
0x00478f70,40
0x00478fa0,14
0x00478fb0,59
0x00478ff0,11
0x00479000,29
0x00479020,421
0x004791d0,12
0x004791e0,12
0x004791f0,12
0x00479200,25
0x00479220,39
0x00479250,20
0x00479270,66
0x004792c0,301
0x004793f0,101
0x00479460,845
0x004799c0,235
0x00479ab0,92
0x00479b10,78
0x00479b60,305
0x00479ca0,538
0x00479ec0,28
0x00479ee0,53
0x00479f20,41
0x00479f50,38
0x00479f80,26
0x00479fa0,22
0x00479fc0,17
0x00479fe0,35
0x0047a010,21
0x0047a030,35
0x0047a060,21
0x0047a080,24
0x0047a0a0,21
0x0047a0c0,71
0x0047a110,17
0x0047a130,30
0x0047a150,35
0x0047a180,31
0x0047a1a0,35
0x0047a1d0,31
0x0047a1f0,44
0x0047a220,475
0x0047a400,269
0x0047a510,84
0x0047a570,133
0x0047a600,126
0x0047a680,83
0x0047a6e0,89
0x0047a740,83
0x0047a7a0,89
0x0047a800,488
0x0047aca0,636
0x0047af30,1475
0x0047b500,5039
0x0047cd10,23
0x0047cd30,20
0x0047cd50,160
0x0047cdf0,28
0x0047ce10,53
0x0047ce50,34
0x0047ce80,49
0x0047cec0,49
0x0047cf00,149
0x0047cfa0,152
0x0047d040,44
0x0047d070,183
0x0047d130,218
0x0047d210,219
0x0047d2f0,2753
0x0047e2b0,209
0x0047e390,1716
0x0047ea60,242
0x0047eb60,197
0x0047ec30,159
0x0047ecd0,406
0x0047ee70,20
0x0047ee90,45
0x0047eec0,17
0x0047eee0,40
0x0047ef10,43
0x0047ef40,49
0x0047ef80,20
0x0047efa0,41
0x0047efd0,20
0x0047eff0,81
0x0047f050,20
0x0047f070,44
0x0047f0a0,124
0x0047f120,51
0x0047f160,37
0x0047f190,25
0x0047f1b0,170
0x0047f260,75
0x0047f2b0,105
0x0047f320,4362
0x00480430,702
0x00480700,714
0x004809d0,1042
0x00480df0,74
0x00480e40,574
0x00481080,69
0x004810d0,80
0x00481120,33
0x00481150,521
0x00481360,1179
0x00481800,194
0x004818d0,28
0x004818f0,68
0x00481940,68
0x00481990,68
0x004819e0,36
0x00481a10,36
0x00481a40,28
0x00481a60,28
0x00481a80,58
0x00481b40,63
0x00481b80,90
0x00481be0,271
0x00481cf0,8
0x00481d00,8
0x00481d10,8
0x00481d20,8
0x00481d30,8
0x00481d40,8
0x00481d50,8
0x00481d60,8
0x00481d70,8
0x00481d80,8
0x00481d90,8
0x00481da0,8
0x00481db0,8
0x00481dc0,205
0x00481e90,94
0x00481ef0,105
0x00481f60,765
0x00482260,582
0x004824b0,983
0x00482890,232
0x00482980,177
0x00482a40,400
0x00482bd0,268
0x00482ce0,340
0x00482e40,258
0x00482f50,170
0x00483000,251
0x00483100,381
0x00483280,222
0x00483360,140
0x004833f0,69
0x00483440,72
0x00483490,277
0x004835b0,55
0x004835f0,234
0x004836e0,18
0x00483700,204
0x004837d0,278
0x004838f0,142
0x00483980,145
0x00483a20,155
0x00483ac0,108
0x00483b30,342
0x00483c90,606
0x00483ef0,528
0x00484100,176
0x004841b0,516
0x004843c0,60
0x00484400,128
0x00484480,50
0x004844c0,28
0x004844e0,45
0x00484510,55
0x00484550,68
0x004845a0,55
0x004845e0,163
0x00484690,121
0x00484710,53
0x00484750,53
0x00484790,69
0x004847e0,59
0x00484820,45
0x00484850,88
0x004848b0,85
0x00484910,88
0x00484970,100
0x004849e0,59
0x00484a20,53
0x00484a60,123
0x00484ae0,59
0x00484b20,130
0x00484bb0,35
0x00484be0,61
0x00484c20,63
0x00484c60,29
0x00484c80,29
0x00484ca0,33
0x00484cd0,51
0x00484d10,124
0x00484d90,46
0x00484dc0,52
0x00484e00,32
0x00484e20,159
0x00484ec0,32
0x00484ee0,44
0x00484f10,191
0x00484fd0,219
0x004850b0,283
0x004851d0,248
0x004852d0,290
0x00485400,105
0x00485470,1376
0x004859d0,111
0x00485a40,385
0x00485bd0,185
0x00485c90,136
0x00485d20,34
0x00485d50,1146
0x004861d0,445
0x00486390,874
0x00486700,505
0x00486900,402
0x00486aa0,1295
0x00486fb0,2293
0x004878b0,15890
0x0048b6d0,25
0x0048b6f0,4526
0x0048c8a0,25
0x0048c8c0,308
0x0048ca00,234
0x0048caf0,299
0x0048cc20,160
0x0048ccc0,101
0x0048cd30,3878
0x0048dc60,77
0x0048dcb0,214
0x0048dd90,545
0x0048dfc0,152
0x0048e060,48
0x0048e090,148
0x0048e130,48
0x0048e160,309
0x0048e2a0,297
0x0048e3d0,129
0x0048e460,124
0x0048e4e0,107
0x0048e550,112
0x0048e5c0,63
0x0048e600,115
0x0048e680,90
0x0048e6e0,96
0x0048e740,412
0x0048e8e0,396
0x0048ea70,393
0x0048ec00,429
0x0048edb0,393
0x0048ef40,412
0x0048f0e0,423
0x0048f290,75
0x0048f2e0,115
0x0048f360,162
0x0048f410,90
0x0048f470,194
0x0048f540,90
0x0048f5a0,115
0x0048f620,236
0x0048f710,176
0x0048f7c0,44
0x0048f7f0,134
0x0048f880,1709
0x0048ff30,148
0x0048ffd0,684
0x00490280,1165
0x00490710,219
0x004907f0,543
0x00490a10,361
0x00490b80,141
0x00490c10,46
0x00490c40,191
0x00490d00,419
0x00490eb0,273
0x00490fd0,2693
0x00491a60,228
0x00491b50,57
0x00491b90,46
0x00491bc0,128
0x00491c40,431
0x00491df0,25
0x00491e10,1265
0x00492310,329
0x00492460,871
0x004927d0,107
0x00492840,46
0x00492870,170
0x00492920,149
0x004929c0,545
0x00492bf0,1238
0x004930d0,661
0x00493370,63
0x004933b0,13
0x004933c0,53
0x00493400,87
0x00493460,188
0x00493520,163
0x004935d0,324
0x00493720,1082
0x00493b60,419
0x00493d10,50
0x00493d50,121
0x00493dd0,895
0x00494150,25
0x00494170,138
0x00494200,162
0x004942b0,125
0x00494330,125
0x004943b0,648
0x00494640,106
0x004946b0,158
0x00494750,4106
0x00495760,253
0x00495860,298
0x00495990,314
0x00495ad0,123
0x00495b50,72
0x00495ba0,125
0x00495c20,181
0x00495ce0,156
0x00495d80,403
0x00495f20,135
0x00495fb0,133
0x00496040,50
0x00496080,1133
0x004964f0,1003
0x004968e0,47
0x00496910,50
0x00496950,92
0x004969b0,50
0x004969f0,50
0x00496a30,49
0x00496a70,50
0x00496ab0,1122
0x00496f20,783
0x00497240,67
0x00497290,1377
0x00497800,1369
0x00497d60,114
0x00497de0,114
0x00497e60,1696
0x00498500,44
0x00498530,112
0x004985a0,50
0x004985e0,200
0x004986b0,291
0x004987e0,203
0x004988b0,101
0x00498920,300
0x00498a50,431
0x00498c10,1230
0x004990e0,540
0x00499300,327
0x00499450,313
0x00499590,127
0x00499610,2200
0x00499eb0,3956
0x0049ae30,94
0x0049ae90,2092
0x0049b6c0,41
0x0049b6f0,98
0x0049b760,98
0x0049b7d0,68
0x0049b820,25
0x0049b840,75
0x0049b890,145
0x0049b930,97
0x0049b9a0,247
0x0049bab9,42
0x0049baf0,29
0x0049bb10,261
0x0049bc20,505
0x0049be20,1574
0x0049c460,54
0x0049c4a0,79
0x0049c4f0,39
0x0049c520,140
0x0049c5b0,66
0x0049c600,85
0x0049c660,25
0x0049c680,686
0x0049c930,41
0x0049c960,391
0x0049caf0,40
0x0049cb20,88
0x0049cb80,71
0x0049cbd0,52
0x0049cc10,28
0x0049cc30,25
0x0049cc50,745
0x0049cf40,418
0x0049d0f0,580
0x0049d340,2027
0x0049db30,118
0x0049dbb0,258
0x0049dcc0,159
0x0049dd60,3479
0x0049eb00,47
0x0049eb30,4483
0x0049fcc0,4945
0x004a1020,78
0x004a1070,2046
0x004a1870,908
0x004a1c00,805
0x004a1f30,2726
0x004a29e0,3726
0x004a3870,106
0x004a38e0,279
0x004a3a00,2447
0x004a4390,5667
0x004a59c0,4622
0x004a6bd0,1135
0x004a7070,420
0x004a7220,587
0x004a7470,276
0x004a7590,380
0x004a7710,376
0x004a7890,302
0x004a79c0,1859
0x004a8150,114
0x004a81d0,4529
0x004a9390,22
0x004a93b0,865
0x004a9720,124
0x004a97a0,156
0x004a9840,74
0x004a9890,78
0x004a98e0,116
0x004a9960,693
0x004a9c20,306
0x004a9d60,318
0x004a9ea0,25748
0x004b0610,70
0x004b0660,162
0x004b0720,53
0x004b0760,104
0x004b07d0,2073
0x004b0ff0,189
0x004b10b0,239
0x004b11a0,336
0x004b12f0,98
0x004b1360,1718
0x004b1a20,217
0x004b1b00,127
0x004b1b80,6240
0x004b33e0,2214
0x004b3c90,231
0x004b3d80,595
0x004b3fe0,1673
0x004b4670,32
0x004b4690,2605
0x004b50c0,11495
0x004b7ea0,28
0x004b7ec0,53
0x004b7f00,53
0x004b7f40,25365
0x004be420,58
0x004be460,144
0x004be4f0,906
0x004be880,76
0x004be8d0,257
0x004be9e0,8182
0x004c09e0,1007
0x004c0dd0,4633
0x004c2000,4510
0x004c31a0,312
0x004c32e0,148
0x004c3380,171
0x004c3430,25096
0x004c9640,9743
0x004cbc50,5866
0x004cd340,63
0x004cd380,229
0x004cd470,96
0x004cd4d0,63
0x004cd510,115
0x004cd590,293
0x004cd6c0,30
0x004cd6e0,30
0x004cd700,566
0x004cd940,207
0x004cda10,68
0x004cda60,203
0x004cdb30,228
0x004cdc20,61
0x004cdc60,18
0x004cdc80,44
0x004cdcb0,20
0x004cdcd0,126
0x004cdd50,44
0x004cdd80,28
0x004cdda0,44
0x004cde40,44
0x004cde70,148
0x004cdf10,44
0x004cdf40,443
0x004ce100,201
0x004ce1d0,253
0x004ce2d0,75
0x004ce320,305
0x004ce460,980
0x004ce850,154
0x004ce8f0,345
0x004cea50,105
0x004ceac0,89
0x004ceb20,101
0x004ceb90,36
0x004cebc0,97
0x004cec30,125
0x004cecc0,67
0x004ced10,222
0x004cedf0,1667
0x004cf480,624
0x004cf6f0,324
0x004cf840,150
0x004cf8e0,150
0x004cf980,512
0x004cfb80,619
0x004cfdf0,1250
0x004d02e0,777
0x004d05f0,2718
0x004d1090,624
0x004d1300,102
0x004d1370,262
0x004d1480,501
0x004d1680,255
0x004d1780,152
0x004d1820,154
0x004d18c0,3628
0x004d26f0,184
0x004d27b0,115
0x004d2830,83
0x004d2890,1197
0x004d2d40,618
0x004d2fb0,1391
0x004d3520,415
0x004d36c0,80
0x004d3710,225
0x004d3800,636
0x004d3a80,1754
0x004d4160,223
0x004d4240,474
0x004d443c,234
0x004d4530,54
0x004d4570,199
0x004d4640,223
0x004d4720,707
0x004d49f0,473
0x004d4beb,232
0x004d4ce0,53
0x004d4d20,306
0x004d4e60,97
0x004d4ed0,309
0x004d5010,563
0x004d5250,252
0x004d5350,223
0x004d5430,97
0x004d54a0,270
0x004d55b0,482
0x004d57a0,297
0x004d58d0,199
0x004d59a0,189
0x004d5a60,126
0x004d5b10,485
0x004d5d00,189
0x004d5dc0,127
0x004d5e40,301
0x004d5f70,145
0x004d6010,961
0x004d63f0,253
0x004d64f0,77
0x004d6540,311
0x004d6680,189
0x004d6740,161
0x004d67f0,73
0x004d6840,229
0x004d6930,1303
0x004d6d05,220
0x004d6ec0,137
0x004d7080,20
0x004d70a0,73
0x004d70f0,229
0x004d71e0,1307
0x004d75bb,222
0x004d7778,136
0x004d7935,20
0x004d7950,477
0x004d7b40,97
0x004d7bb0,99
0x004d7c20,166
0x004d7cd0,163
0x004d7d80,157
0x004d7e3f,30
0x004d7e60,55
0x004d7ea0,1427
0x004d8304,281
0x004d85a0,166
0x004d874f,20
0x004d8770,93
0x004d87f0,1513
0x004d8df0,91
0x004d8e50,247
0x004d8f69,42
0x004d8fa0,29
0x004d8fc0,241
0x004d90c0,89
0x004d9120,77
0x004d9170,190
0x004d9230,190
0x004d92f0,190
0x004d93b0,150
0x004d9450,196
0x004d9520,112
0x004d9590,111
0x004d9600,114
0x004d9680,92
0x004d96e0,151
0x004d9780,147
0x004d9820,93
0x004d9880,68
0x004d98d0,93
0x004d9930,93
0x004d9990,69
0x004d99e0,105
0x004d9a50,69
0x004d9aa0,160
0x004d9b42,9
0x004d9b4b,19
0x004d9b6b,25
0x004d9b90,69
0x004d9be0,69
0x004d9c30,120
0x004d9cb0,169
0x004d9d60,106
0x004d9dd0,108
0x004d9e40,108
0x004d9eb0,67
0x004d9f00,162
0x004d9fa4,9
0x004d9fad,19
0x004d9fcd,28
0x004d9ff0,443
0x004da1b0,217
0x004da290,351
0x004da3f0,849
0x004da750,107
0x004da7c0,82
0x004da820,580
0x004daa70,161
0x004dab20,826
0x004dae60,132
0x004daef0,80
0x004daf40,80
0x004dafc0,224
0x004db0a0,186
0x004db160,80
0x004db1b0,63
0x004db1f0,234
0x004db2e0,189
0x004db3a0,117
0x004db420,332
0x004db580,69
0x004db5d0,93
0x004db670,44
0x004db6a0,103
0x004db710,132
0x004db7a0,484
0x004db990,44
0x004db9c0,181
0x004dba80,29
0x004dbaa0,18
0x004dbac0,2890
0x004dc610,778
0x004dc920,238
0x004dca10,111
0x004dca80,604
0x004dcce0,48
0x004dcd10,17
0x004dcd30,158
0x004dcdd0,92
0x004dce30,206
0x004dcf00,75
0x004dcf50,298
0x004dd080,81
0x004dd0e0,94
0x004dd140,167
0x004dd1f0,107
0x004dd260,285
0x004dd380,504
0x004dd580,836
0x004dd8d0,647
0x004ddb60,221
0x004ddc40,500
0x004dde40,1921
0x004de5d0,83
0x004de630,587
0x004de880,404
0x004dea20,1242
0x004def00,267
0x004df010,64
0x004df050,72
0x004df0a0,64
0x004df0e0,64
0x004df120,64
0x004df160,2614
0x004dfba0,815
0x004dfed0,614
0x004e0140,81
0x004e01a0,835
0x004e04f0,6213
0x004e1d40,5071
0x004e3110,67
0x004e3160,82
0x004e31c0,107
0x004e3230,61
0x004e3270,1960
0x004e3a20,299
0x004e3b50,49
0x004e3b90,63
0x004e3bd0,90
0x004e3c30,351
0x004e3d90,44
0x004e3dc0,183
0x004e3e80,41
0x004e3eb0,1487
0x004e4480,114
0x004e4500,30
0x004e4520,60
0x004e4560,69
0x004e45b0,671
0x004e4850,241
0x004e4950,72
0x004e49a0,304
0x004e4ad0,1215
0x004e4f90,94
0x004e4ff0,338
0x004e5150,24
0x004e5170,26
0x004e5190,26
0x004e51b0,26
0x004e51d0,26
0x004e51f0,26
0x004e5210,29
0x004e5230,26
0x004e5250,29
0x004e5270,29
0x004e5290,29
0x004e52b0,29
0x004e52d0,32
0x004e5310,32
0x004e5330,32
0x004e5350,32
0x004e5370,32
0x004e5390,35
0x004e53c0,32
0x004e53e0,35
0x004e5410,35
0x004e5440,35
0x004e5470,35
0x004e54a0,35
0x004e54d0,499
0x004e56d0,272
0x004e57e0,44
0x004e5810,35
0x004e5840,596
0x004e5aa0,10555
0x004e83e0,375
0x004e8560,690
0x004e8820,175
0x004e88d0,44
0x004e8900,152
0x004e89a0,138
0x004e8a30,1325
0x004e8f60,636
0x004e91e0,45
0x004e9210,138
0x004e92a0,9167
0x004eb670,128
0x004eb6f0,992
0x004ebad0,1412
0x004ec060,28
0x004ec080,3558
0x004ece70,6090
0x004ee640,5512
0x004efbd0,13762
0x004f31a0,279
0x004f32c0,105
0x004f3330,884
0x004f36b0,132
0x004f3740,132
0x004f37d0,466
0x004f39b0,131
0x004f3a40,154
0x004f3ae0,88
0x004f3b40,8781
0x004f5d90,91
0x004f5df0,340
0x004f5f50,8362
0x004f8000,7939
0x004f9f10,37
0x004f9f40,3250
0x004fac00,37
0x004fac30,1598
0x004fb270,37
0x004fb2a0,44
0x004fb2d0,1384
0x004fb840,409
0x004fb9e0,44
0x004fba10,442
0x004fbbd0,412
0x004fbd70,338
0x004fbed0,4480
0x004fd050,5919
0x004fe770,22990
0x00504140,33
0x00504170,47
0x005041a0,211
0x00504280,135
0x00504310,181
0x005043d0,383
0x00504550,129
0x005045e0,48
0x00504610,104
0x00504680,90
0x005046e0,101
0x00504750,82
0x005047b0,95
0x00504810,832
0x00504b50,16
0x00504b60,391
0x00504cf0,75
0x00504d40,477
0x00504f20,64
0x00504f60,79
0x00504fb0,16
0x00504fc0,87
0x00505020,923
0x005053c0,79
0x00505410,16
0x00505420,44
0x00505450,87
0x005054b0,414
0x00505650,45
0x00505680,16
0x00505690,116
0x00505710,433
0x005058d0,16
0x005058e0,44
0x00505910,95
0x00505970,1067
0x00505da0,1703
0x00506450,55
0x00506490,27
0x005064b0,19
0x005064d0,19
0x005064f0,107
0x00506560,101
0x005065d0,104
0x00506640,846
0x00506990,18
0x005069b0,98
0x00506a20,86
0x00506a80,363
0x00506bf0,104
0x00506c60,92
0x00506cc0,37
0x00506cf0,1374
0x00507250,1070
0x00507680,52
0x005076c0,570
0x00507900,346
0x00507a60,325
0x00507bb0,192
0x00507c70,31
0x00507c90,53
0x00507cd0,136
0x00507d60,63
0x00507da0,63
0x00507de0,200
0x00507eb0,113
0x00507fa0,90
0x00508000,347
0x00508160,469
0x00508350,576
0x00508590,467
0x00508770,21
0x00508790,54
0x005087d0,44
0x00508800,380
0x00508980,166
0x00508a30,427
0x00508be0,47
0x00508c10,132
0x00508ca0,348
0x00508e00,188
0x00508ec0,162
0x00508f70,314
0x005090b0,1734
0x00509780,252
0x00509880,46
0x00509df0,198
0x00509ec0,124
0x00509f40,257
0x0050a050,1498
0x0050a630,1048
0x0050aa50,17
0x0050aa70,19
0x0050aa90,214
0x0050ab70,214
0x0050ac50,160
0x0050acf0,160
0x0050ad90,2634
0x0050b7e0,1650
0x0050be60,258
0x0050bf70,366
0x0050c0e0,289
0x0050c210,356
0x0050c380,94
0x0050c3e0,54
0x0050c420,15
0x0050c430,361
0x0050c5a0,183
0x0050c660,317
0x0050c7a0,249
0x0050c8a0,4278
0x0050d960,159
0x0050da00,177
0x0050dac0,3103
0x0050e6e0,203
0x0050e7b0,22
0x0050e7d0,274
0x0050e910,688
0x0050ebc0,9133
0x00510f70,1343
0x005114b0,54
0x005114f0,133
0x00511580,115
0x00511600,115
0x00511680,101
0x005116f0,165
0x005117a0,63
0x005117e0,63
0x00511820,205
0x005118f0,51
0x00511930,178
0x00511a60,293
0x00511b90,365
0x00511d00,63
0x00511d40,111
0x00511db0,217
0x00511e90,24
0x00511eb0,19
0x00511f50,34
0x00511f80,38
0x00511fb0,368
0x00512130,419
0x005122e0,490
0x005124d0,627
0x00512750,175
0x00512800,189
0x005128c0,104
0x00512930,491
0x00512b20,491
0x00512d10,100
0x00512d80,33
0x00512db0,293
0x00512ee0,269
0x00512ff0,84
0x00513050,136
0x005130e0,33
0x00513110,387
0x005132a0,156
0x00513340,221
0x00513420,139
0x005134b0,245
0x005135b0,33
0x005135e0,53
0x00513620,921
0x005139c0,522
0x00513bd0,107
0x00513c40,115
0x00513cc0,23
0x00513ce0,57
0x00513d20,57
0x00513d60,57
0x00513da0,126
0x00513e20,126
0x00513ea0,252
0x00513fa0,170
0x00514050,61
0x00514090,290
0x005141c0,290
0x005142f0,74
0x00514340,122
0x005143c0,143
0x00514450,382
0x005145d0,72
0x00514620,441
0x005147e0,561
0x00514a20,354
0x00514b90,164
0x00514c40,1605
0x00515290,244
0x00515390,651
0x00515620,649
0x005158b0,211
0x00515990,214
0x00515a70,721
0x00515d50,123
0x00515dd0,133
0x00515e60,598
0x005160c0,362
0x00516230,1033
0x00516640,1874
0x00516da0,1323
0x005172d0,223
0x005173b0,1151
0x00517830,330
0x00517980,88
0x005179e0,1046
0x00517e00,1423
0x00518390,382
0x00518510,49
0x00518550,626
0x005187d0,125
0x00518850,104
0x005188c0,2538
0x005192c0,733
0x005195a0,248
0x005196a0,250
0x005197a0,260
0x005198b0,73
0x00519900,326
0x00519a50,185
0x00519b10,133
0x00519ba0,1154
0x0051a030,138
0x0051a0c0,264
0x0051a1d0,215
0x0051a2b0,236
0x0051a3a0,834
0x0051a6f0,124
0x0051a770,144
0x0051a800,81
0x0051a860,189
0x0051a920,20
0x0051a940,46
0x0051a970,128
0x0051a9f0,167
0x0051aaa0,147
0x0051ab40,129
0x0051abd0,85
0x0051ac30,154
0x0051acd0,75
0x0051ad20,268
0x0051ae30,177
0x0051aef0,108
0x0051af60,115
0x0051afe0,100
0x0051b050,66
0x0051b0a0,54
0x0051b0e0,32
0x0051b100,49
0x0051b140,49
0x0051b180,49
0x0051b1c0,49
0x0051b200,64
0x0051b240,33
0x0051b270,133
0x0051b300,223
0x0051b3e0,426
0x0051b590,108
0x0051b600,142
0x0051b690,39
0x0051b6c0,90
0x0051b720,266
0x0051b830,68
0x0051b880,19
0x0051b8a0,223
0x0051b980,138
0x0051ba10,141
0x0051baa0,72
0x0051baf0,102
0x0051bb60,81
0x0051bbc0,81
0x0051bc20,147
0x0051bcc0,17
0x0051bce0,88
0x0051bd40,31
0x0051bd60,46
0x0051bd90,22
0x0051bdb0,49
0x0051be50,36
0x0051be80,31
0x0051bea0,42
0x0051bed0,36
0x0051bf00,31
0x0051bf20,36
0x0051bf50,36
0x0051bf80,31
0x0051bfa0,42
0x0051bfd0,61
0x0051c010,71
0x0051c060,32
0x0051c080,31
0x0051c0a0,62
0x0051c0e0,28
0x0051c100,28
0x0051c120,28
0x0051c140,28
0x0051c160,28
0x0051c180,28
0x0051c1a0,28
0x0051c1c0,28
0x0051c1e0,28
0x0051c200,28
0x0051c220,28
0x0051c240,28
0x0051c260,22
0x0051c280,31
0x0051c2a0,31
0x0051c2c0,31
0x0051c2e0,31
0x0051c300,31
0x0051c320,34
0x0051c350,28
0x0051c370,31
0x0051c390,31
0x0051c3b0,31
0x0051c3d0,36
0x0051c400,31
0x0051c450,22
0x0051c470,22
0x0051c4c0,22
0x0051c4e0,32
0x0051c500,22
0x0051c520,32
0x0051c540,22
0x0051c560,49
0x0051c5a0,31
0x0051c5c0,28
0x0051c5e0,22
0x0051c600,28
0x0051c620,33
0x0051c650,28
0x0051c670,28
0x0051c690,32
0x0051c6b0,29
0x0051c6d0,28
0x0051c6f0,45
0x0051c720,29
0x0051c740,22
0x0051c760,33
0x0051c790,33
0x0051c7c0,33
0x0051c7f0,22
0x0051c810,28
0x0051c830,28
0x0051c850,28
0x0051c870,22
0x0051c890,22
0x0051c8b0,28
0x0051c8d0,22
0x0051c8f0,22
0x0051c910,222
0x0051c9f0,70
0x0051ca40,81
0x0051caa0,53
0x0051cb10,143
0x0051cba0,56
0x0051cbe0,28
0x0051cc00,86
0x0051cc60,32
0x0051cc80,31
0x0051cca0,42
0x0051ccd0,61
0x0051cd10,36
0x0051cd40,31
0x0051cd60,36
0x0051cd90,32
0x0051cdb0,47
0x0051cde0,31
0x0051ce00,36
0x0051ce30,31
0x0051ce50,36
0x0051ce80,36
0x0051ceb0,35
0x0051cee0,22
0x0051cf00,22
0x0051cf50,36
0x0051cf80,31
0x0051cfa0,36
0x0051cfd0,31
0x0051cff0,58
0x0051d030,52
0x0051d070,28
0x0051d090,28
0x0051d0b0,42
0x0051d0e0,22
0x0051d100,34
0x0051d130,19
0x0051d150,30
0x0051d170,69
0x0051d1c0,165
0x0051d270,122
0x0051d2f0,352
0x0051d450,45
0x0051d480,45
0x0051d4b0,44
0x0051d4e0,44
0x0051d510,636
0x0051d790,2113
0x0051dfe0,91
0x0051e040,116
0x0051e0c0,93
0x0051e120,71
0x0051e170,175
0x0051e220,290
0x0051e350,1593
0x0051eaa0,615
0x0051ed10,105
0x0051ed80,147
0x0051ee20,168
0x0051eed0,255
0x0051efd0,46
0x0051f000,40
0x0051f030,52
0x0051f070,48
0x0051f0a0,68
0x0051f920,2143
0x00520190,1009
0x005205f0,1665
0x00520ce0,491
0x00520f40,122
0x00520fc0,147
0x00521060,52
0x005210a0,41
0x005210d0,31
0x005210f0,27
0x00521110,582
0x00521360,1474
0x00521930,20
0x00521950,45
0x00521980,19
0x005219a0,44
0x005219d0,1167
0x00521e60,844
0x005221b0,2361
0x00522af0,244
0x00522bf0,516
0x00522e00,643
0x00523090,433
0x00523250,81
0x005232b0,97
0x00523320,52
0x00523360,52
0x005233a0,510
0x005235a0,266
0x005236b0,436
0x00523870,8235
0x005258a0,271
0x005259b0,570
0x00525c60,814
0x00525f90,1067
0x005263c0,808
0x005266f0,742
0x005269e0,1396
0x00526f60,976
0x00527330,586
0x00527580,774
0x00527890,1047
0x00527cb0,964
0x00528080,762
0x00528380,554
0x005285b0,337
0x00528710,498
0x00528910,5307
0x00529dd0,2081
0x0052a600,301
0x0052a730,261
0x0052a840,258
0x0052a950,258
0x0052aa60,258
0x0052ab70,258
0x0052ac80,258
0x0052ad90,276
0x0052aeb0,258
0x0052afc0,258
0x0052b0d0,412
0x0052b270,268
0x0052b380,347
0x0052b4e0,506
0x0052b6e0,606
0x0052b940,115
0x0052b9c0,414
0x0052bb60,767
0x0052be60,205
0x0052bf30,1534
0x0052c530,83
0x0052c590,220
0x0052c670,419
0x0052c820,491
0x0052ca10,694
0x0052ccd0,1031
0x0052d0e0,74
0x0052d130,896
0x0052d4b0,1073
0x0052d8f0,658
0x0052db90,118
0x0052dc10,25
0x0052dc30,24
0x0052dc50,166
0x0052dd00,255
0x0052de00,51
0x0052de40,51
0x0052de80,392
0x0052e010,65
0x0052e060,171
0x0052e110,94
0x0052e170,76
0x0052e1c0,161
0x0052e270,32
0x0052e290,29
0x0052e2b0,29
0x0052e2d0,57
0x0052e310,29
0x0052e330,367
0x0052e4a0,63
0x0052e4e0,89
0x0052e540,76
0x0052e590,164
0x0052e640,483
0x0052e830,63
0x0052e870,118
0x0052e8f0,44
0x0052e920,360
0x0052ea90,297
0x0052ebc0,11
0x0052ebd0,11
0x0052ebe0,1041
0x0052f000,815
0x0052f330,152
0x0052f3d0,230
0x0052f4c0,168
0x0052f570,37
0x0052f5a0,103
0x0052f610,1386
0x0052fb80,543
0x0052fda0,969
0x00530170,359
0x005302e0,887
0x00530660,475
0x00530840,48
0x00530870,54
0x005308b0,1539
0x00530ec0,1187
0x00531370,86
0x005313d0,169
0x00531480,94
0x005314e0,182
0x005315a0,49
0x005315e0,1521
0x00531be0,106
0x00531c50,6280
0x005334e0,774
0x005337f0,49
0x00533830,3450
0x005345b0,79
0x00534600,4064
0x005355f0,51
0x00535630,159
0x005356d0,819
0x00535a10,537
0x00535c30,1428
0x005361d0,464
0x005363a0,2058
0x00536bb0,45
0x00536be0,44
0x00536c10,2147
0x00537480,137
0x00537510,122
0x00537590,546
0x005377c0,99
0x00537830,47
0x00537870,645
0x00537b00,105
0x00537b70,105
0x00537be0,175
0x00537c90,37
0x00537cc0,105
0x00537d30,105
0x00537da0,105
0x00537e10,105
0x00537e80,105
0x00537ef0,105
0x00537f60,105
0x00537fd0,105
0x00538040,118
0x005380c0,42
0x005380f0,357
0x00538260,179
0x00538320,386
0x005384b0,1894
0x00538c20,47
0x00538c50,66
0x00538ca0,48
0x00538cd0,36
0x00538d00,178
0x00538dc0,49
0x00538e00,195
0x00538ed0,1239
0x005393b0,260
0x005394c0,220
0x005395a0,96
0x00539600,67
0x00539650,356
0x005397c0,52
0x00539800,31
0x00539820,55
0x00539860,541
0x00539a90,286
0x00539bb0,100
0x00539c20,260
0x00539d30,37
0x00539d60,87
0x00539dc0,108
0x00539e30,245
0x00539f30,76
0x00539f80,306
0x0053a0c0,1773
0x0053a7c0,32
0x0053a7e0,91
0x0053a840,106
0x0053a8b0,267
0x0053a9c0,273
0x0053aae0,118
0x0053ab60,401
0x0053ad00,415
0x0053aea0,47
0x0053aed0,72
0x0053af20,5789
0x0053c5c0,191
0x0053c680,528
0x0053c890,570
0x0053cad0,249
0x0053cbd0,176
0x0053cc80,103
0x0053ccf0,117
0x0053cd70,413
0x0053cf10,1367
0x0053d470,199
0x0053d540,120
0x0053d5c0,159
0x0053d660,43
0x0053d690,228
0x0053d780,267
0x0053d890,624
0x0053db00,530
0x0053dd20,374
0x0053dea0,37
0x0053ded0,217
0x0053dfb0,167
0x0053e060,71
0x0053e0b0,71
0x0053e100,258
0x0053e210,179
0x0053e2d0,265
0x0053e3e0,26
0x0053e400,74
0x0053e450,103
0x0053e4c0,188
0x0053e580,222
0x0053e660,142
0x0053e6f0,79
0x0053e740,239
0x0053e830,1789
0x0053ef30,29
0x0053ef50,17
0x0053ef70,23
0x0053ef90,16
0x0053efd0,34
0x0053f000,18
0x0053f020,44
0x0053f050,868
0x0053f3c0,209
0x0053f4a0,187
0x0053f560,123
0x0053f5e0,177
0x0053f6a0,244
0x0053f7a0,80
0x0053f7f0,642
0x0053fa80,274
0x0053fba0,102
0x0053fc10,92
0x0053fc70,104
0x0053fce0,97
0x0053fd50,1683
0x00540410,560
0x00540660,57
0x005406a0,57
0x005406e0,379
0x00540860,160
0x00540900,238
0x005409f0,330
0x00540b40,339
0x00540ca0,642
0x00540f30,154
0x00540fd0,166
0x00541080,779
0x00541390,35
0x005413c0,49
0x00541400,46
0x00541430,2968
0x00541fd0,3627
0x00542e00,849
0x00543160,141
0x005431f0,101
0x00543260,236
0x00543350,75
0x005433a0,1841
0x00543ae0,761
0x00543de0,288
0x00543f10,51
0x00543f50,475
0x00544130,80
0x00544180,144
0x00544210,1067
0x00544640,325
0x00544790,500
0x00544990,122
0x00544a10,180
0x00544ad0,2020
0x005452c0,254
0x005453c0,94
0x00545420,62
0x00545460,16
0x00545470,162
0x00545520,564
0x00545760,2435
0x005460f0,1104
0x00546540,257
0x00546650,187
0x00546710,146
0x005467b0,325
0x00546900,329
0x00546a50,32
0x00546a70,46
0x00546aa0,39
0x00546ad0,39
0x00546b00,203
0x00546bd0,468
0x00546db0,22
0x00546dd0,110
0x00546e40,203
0x00546f10,151
0x00546fb0,144
0x00547040,178
0x00547100,1274
0x00547600,188
0x005476c0,101
0x00547730,192
0x005477f0,202
0x005478c0,113
0x00547940,113
0x005479c0,202
0x00547a90,174
0x00547b40,111
0x00547bb0,422
0x00547d60,350
0x00547ec0,459
0x00548090,524
0x005482a0,2145
0x00548b10,626
0x00548db0,2505
0x00549780,1861
0x00549ed0,151
0x00549f70,615
0x0054a1e0,497
0x0054a3e0,69
0x0054a430,74
0x0054a480,67
0x0054a4d0,79
0x0054a520,235
0x0054a610,70
0x0054a660,153
0x0054a700,153
0x0054a7a0,153
0x0054a840,153
0x0054a8e0,25
0x0054a900,24
0x0054a920,92
0x0054a980,55
0x0054a9c0,77
0x0054aa10,27
0x0054aa30,27
0x0054aa50,1168
0x0054aee0,578
0x0054b130,152
0x0054b1d0,407
0x0054b370,52
0x0054b3b0,308
0x0054b4f0,76
0x0054b540,76
0x0054b590,179
0x0054b650,789
0x0054b970,1094
0x0054bdc0,2390
0x0054c720,1137
0x0054cba0,417
0x0054cd50,596
0x0054cfb0,450
0x0054d180,577
0x0054d3d0,894
0x0054d750,2330
0x0054e070,3558
0x0054ee60,1392
0x0054f3d0,518
0x0054f5e0,938
0x0054f990,121
0x0054fa10,121
0x0054fa90,121
0x0054fb10,669
0x0054fdb0,135
0x0054fe40,1164
0x005502d0,1702
0x00550980,1164
0x00550e10,18
0x00550e30,3576
0x00551c30,785
0x00551f50,2874
0x00552a90,173
0x00552b40,48
0x00552b70,273
0x00552c90,252
0x00552d90,201
0x00552e60,1161
0x005532f0,7096
0x00554eb0,1793
0x005555c0,1856
0x00555d00,194
0x00555dd0,307
0x00555f10,296
0x00556040,1130
0x005564b0,222
0x00556590,222
0x00556670,1621
0x00556cd0,17
0x00556cf0,44
0x00556d20,935
0x005570d0,126
0x00557150,262
0x00557260,371
0x005573e0,96
0x00557440,2348
0x00557de0,216
0x00557ec0,35
0x00557ef0,129
0x00557f80,37
0x00557fb0,61
0x00557ff0,761
0x005582f0,8558
0x0055a460,490
0x0055a650,390
0x0055a7e0,285
0x0055a900,555
0x0055ab30,334
0x0055ac80,2985
0x0055b830,833
0x0055bb80,393
0x0055bd10,3645
0x0055cb50,277
0x0055cc70,646
0x0055cf00,384
0x0055d080,1904
0x0055d7f0,775
0x0055db00,738
0x0055ddf0,254
0x0055def0,685
0x0055e1a0,310
0x0055e2e0,111
0x0055e350,414
0x0055e4f0,147
0x0055e590,126
0x0055e610,689
0x0055e8d0,146
0x0055e970,257
0x0055ea80,263
0x0055eb90,214
0x0055ec70,353
0x0055ede0,361
0x0055efb0,179
0x0055f070,339
0x0055f1d0,263
0x0055f2e0,263
0x0055f3f0,169
0x0055f4a0,127
0x0055f520,698
0x0055f7e0,97
0x0055f850,101
0x0055f8c0,101
0x0055f930,90
0x0055f990,245
0x0055fa90,1502
0x00560070,4028
0x00561030,257
0x00561140,76
0x00561190,164
0x00561240,483
0x00561430,27
0x00561450,63
0x00561490,129
0x00561520,90
0x00561580,63
0x005615c0,64
0x00561600,113
0x00561680,193
0x00561750,81
0x005617b0,129
0x00561840,44
0x00561870,173
0x00561920,123
0x005619a0,169
0x00561a50,115
0x00561ad0,324
0x00561c80,8
0x00561c90,233
0x00561d80,426
0x00561f30,4666
0x00563170,141
0x00563200,20
0x00563220,91
0x00563280,47
0x005632b0,53
0x005632f0,43
0x00563320,43
0x00563350,20
0x00563370,25
0x00563390,100
0x00563400,93
0x00563460,35
0x00563490,44
0x005634c0,1913
0x00563c40,65
0x00563c90,134
0x00563d20,71
0x00563d70,36
0x00563da0,401
0x00563f40,912
0x005642d0,466
0x005644b0,339
0x00564610,168
0x005646c0,164
0x00564770,339
0x005648d0,2612
0x00565310,3077
0x00565f20,520
0x00566130,635
0x005663b0,87
0x00566410,568
0x00566650,3177
0x005672c0,449
0x00567490,563
0x005676d0,1903
0x00567e40,181
0x00567f00,282
0x00568020,166
0x005680d0,753
0x005683d0,174
0x00568480,190
0x00568540,1668
0x00568bd0,1769
0x005692c0,85
0x00569320,3850
0x0056a230,1475
0x0056a800,1588
0x0056ae40,2646
0x0056b8a0,1981
0x0056c080,346
0x0056c1e0,297
0x0056c310,2963
0x0056ceb0,1171
0x0056d350,779
0x0056d6a0,80
0x0056d6f0,2140
0x0056df50,656
0x0056e1e0,107
0x0056e250,961
0x0056e620,2219
0x0056eed0,247
0x0056efd0,8221
0x00571030,952
0x005713f0,327
0x00571540,47
0x00571570,294
0x005716a0,501
0x005718a0,211
0x00571980,28
0x005719a0,1549
0x00571fb0,1303
0x005724d0,1433
0x00572a70,1346
0x00572fc0,2438
0x00573950,2095
0x00574180,892
0x00574500,3243
0x005751b0,72
0x00575200,187
0x005752c0,120
0x00575340,161
0x005753f0,520
0x00575600,1309
0x00575b20,710
0x00575df0,772
0x00576100,288
0x005763e0,65
0x00576430,328
0x00576610,129
0x005766a0,77
0x005766f0,82
0x00576750,1355
0x00576ca0,277
0x00576dc0,4353
0x00577ed0,197
0x00577fa0,2223
0x00578850,2662
0x005792c0,367
0x00579430,338
0x00579590,322
0x005796e0,175
0x00579790,105
0x00579800,225
0x005798f0,225
0x005799e0,44
0x00579a10,751
0x00579d00,357
0x00579e70,326
0x00579fc0,312
0x0057a100,314
0x0057a240,76
0x0057a290,76
0x0057a2e0,76
0x0057a330,76
0x0057a380,76
0x0057a3d0,76
0x0057a420,312
0x0057a560,1011
0x0057a960,43
0x0057a990,663
0x0057ac30,863
0x0057af90,116
0x0057b010,363
0x0057b280,544
0x0057b4c0,1144
0x0057b940,587
0x0057bb90,660
0x0057be40,2890
0x0057c990,2524
0x0057d370,348
0x0057d4d0,553
0x0057d700,133
0x0057d790,283
0x0057d8b0,476
0x0057da90,388
0x0057dc20,359
0x0057dd90,223
0x0057de70,716
0x0057e140,313
0x0057e280,202
0x0057e350,114
0x0057e3d0,25
0x0057e3f0,312
0x0057e530,901
0x0057e8c0,970
0x0057eca0,1646
0x0057f320,298
0x0057f450,964
0x0057f820,75
0x0057f870,132
0x0057f900,305
0x0057fa40,667
0x0057fce0,612
0x0057ff50,877
0x005802c0,62
0x00580300,39
0x00580330,1483
0x00580900,842
0x00580c50,205
0x00580d20,833
0x00581070,613
0x005812e0,74
0x00581330,129
0x005813c0,223
0x005814a0,214
0x00581580,74
0x005815d0,92
0x00581630,223
0x00581710,223
0x005817f0,74
0x00581840,92
0x005818a0,122
0x00581920,1678
0x00581fc0,65
0x00582010,11617
0x00584da0,333
0x00584ef0,295
0x00585020,255
0x00585120,488
0x00585310,264
0x00585420,85
0x00585480,1088
0x005858d0,274
0x005859f0,266
0x00585b00,438
0x00585cc0,577
0x00585f10,1446
0x005864d0,359
0x00586640,266
0x00586750,140
0x005867e0,347
0x00586940,551
0x00586b70,1806
0x00587290,2092
0x00587ac0,3815
0x005889b0,913
0x00588d50,384
0x00588ed0,2856
0x00589ab0,106
0x00589b20,204
0x00589bf0,58
0x00589c30,431
0x00589de0,127
0x00589e60,120
0x00589ee0,74
0x00589f30,339
0x0058a090,281
0x0058a1b0,15
0x0058a1c0,253
0x0058a2c0,105
0x0058a330,318
0x0058a470,130
0x0058a500,265
0x0058a610,810
0x0058a940,173
0x0058a9f0,608
0x0058ac50,220
0x0058ad30,80
0x0058ad80,223
0x0058ae90,53
0x0058aed0,417
0x0058b090,162
0x0058b140,201
0x0058b210,201
0x0058b2e0,59
0x0058b320,61
0x0058b360,572
0x0058b5a0,475
0x0058b780,112
0x0058b7f0,130
0x0058b880,258
0x0058b990,258
0x0058baa0,154
0x0058bb40,154
0x0058bbe0,108
0x0058bc50,140
0x0058bce0,405
0x0058be80,85
0x0058bee0,754
0x0058c1e0,98
0x0058c250,63
0x0058c290,102
0x0058c300,97
0x0058c370,27
0x0058c390,27
0x0058c3b0,113
0x0058c4a0,158
0x0058c540,324
0x0058c690,97
0x0058c700,196
0x0058c7d0,56
0x0058c810,324
0x0058c960,236
0x0058ca50,284
0x0058cb70,339
0x0058ccd0,164
0x0058cd80,608
0x0058cfe0,329
0x0058d160,54
0x0058d1a0,18
0x0058d1c0,59
0x0058d200,143
0x0058d290,84
0x0058d2f0,738
0x0058d5e0,1074
0x0058da20,481
0x0058dc10,559
0x0058de40,203
0x0058df10,39
0x0058df40,140
0x0058dfd0,336
0x0058e120,120
0x0058e1a0,144
0x0058e230,752
0x0058e520,421
0x0058e6d0,89
0x0058e730,605
0x0058e990,3585
0x0058f7a0,918
0x0058fb40,286
0x0058fc60,102
0x0058fcd0,125
0x0058fd50,580
0x0058ffa0,190
0x00590060,175
0x00590110,98
0x00590180,145
0x00590220,75
0x00590270,434
0x00590430,132
0x005904c0,147
0x00590560,25
0x00590580,20
0x005905a0,72
0x005905f0,270
0x00590700,369
0x00590880,20
0x005908a0,25
0x005908c0,42
0x005908f0,58
0x00590930,285
0x00590a50,693
0x00590d10,206
0x00590de0,518
0x00590ff0,693
0x005912b0,337
0x00591410,60
0x00591450,182
0x00591510,221
0x005915f0,115
0x00591670,368
0x005917e0,164
0x00591890,283
0x005919b0,187
0x00591a70,228
0x00591b60,325
0x00591cb0,344
0x00591e10,425
0x00591fd0,261
0x005920f0,228
0x005921e0,121
0x00592260,29
0x00592280,25
0x005922a0,20
0x005922c0,39
0x005922f0,25
0x00592310,1317
0x00592840,1984
0x00593000,142
0x00593090,239
0x00593180,58
0x005931c0,73
0x00593210,153
0x005932b0,103
0x00593320,141
0x005933b0,63
0x005933f0,91
0x00593450,104
0x005934c0,99
0x00593530,63
0x00593570,64
0x005935b0,182
0x00593670,96
0x005936d0,21
0x005936f0,109
0x00593760,160
0x00593800,340
0x00593960,167
0x00593a10,20
0x00593a30,3329
0x00594740,96
0x005947a0,100
0x00594810,1841
0x00594f50,215
0x005950b0,225
0x005951a0,570
0x005953e0,675
0x00595690,275
0x005957b0,559
0x005959e0,7516
0x00597750,1585
0x00597d90,4322
0x00598e80,108
0x00598ef0,72
0x00598f40,158
0x00598fe0,101
0x00599050,522
0x00599260,198
0x00599330,79
0x00599380,298
0x005994b0,66
0x00599500,1292
0x00599a10,889
0x00599d90,67
0x00599de0,95
0x00599e40,189
0x00599f00,747
0x0059a200,660
0x0059a4b0,619
0x0059a730,662
0x0059a9e0,95
0x0059aa40,66
0x0059aa90,210
0x0059ab70,63
0x0059abb0,151
0x0059ac50,101
0x0059acc0,1121
0x0059b130,110
0x0059b1a0,313
0x0059b2e0,241
0x0059b3e0,313
0x0059b520,836
0x0059b870,95
0x0059b8d0,1441
0x0059be80,250
0x0059bf80,1072
0x0059c3b0,104
0x0059c420,296
0x0059c550,658
0x0059c7f0,152
0x0059c890,279
0x0059c9b0,153
0x0059ca50,326
0x0059cba0,3989
0x0059db50,733
0x0059de30,2536
0x0059e860,234
0x0059e970,145
0x0059ea10,353
0x0059eb80,226
0x0059ec70,1163
0x0059f120,37
0x0059f150,915
0x0059f4f0,176
0x0059f5a0,321
0x0059f6f0,18
0x0059f710,185
0x0059f7d0,503
0x0059f9d0,270
0x0059fae0,449
0x0059fcb0,97
0x0059fd20,2323
0x005a0640,168
0x005a06f0,1296
0x005a0c00,72
0x005a0c50,1453
0x005a1210,1126
0x005a1680,124
0x005a1700,399
0x005a1890,55
0x005a18d0,822
0x005a1c10,55
0x005a1c50,106
0x005a1cc0,422
0x005a1e70,499
0x005a2070,983
0x005a2450,215
0x005a2530,262
0x005a2640,96
0x005a26a0,99
0x005a2710,1376
0x005a2c70,536
0x005a2e90,66
0x005a2ee0,1199
0x005a3390,1132
0x005a3800,438
0x005a39c0,66
0x005a3a10,104
0x005a3a80,245
0x005a3b80,106
0x005a3bf0,213
0x005a3cd0,422
0x005a3e80,1011
0x005a4280,88
0x005a42e0,220
0x005a43c0,1259
0x005a48b0,385
0x005a4a40,368
0x005a4bb0,447
0x005a4d70,429
0x005a4f20,76
0x005a4f70,90
0x005a4fd0,78
0x005a5020,267
0x005a5130,644
0x005a53c0,563
0x005a5600,476
0x005a57e0,426
0x005a5990,974
0x005a5d60,306
0x005a5ea0,52
0x005a5ee0,353
0x005a6050,90
0x005a60b0,463
0x005a6280,573
0x005a64c0,163
0x005a6570,72
0x005a65c0,15
0x005a65d0,1679
0x005a6c60,138
0x005a6cf0,98
0x005a6d60,101
0x005a6dd0,281
0x005a6ef0,961
0x005a72c0,324
0x005a7410,128
0x005a7490,131
0x005a7520,191
0x005a75e0,33
0x005a7610,513
0x005a7820,1603
0x005a7e70,1440
0x005a8410,282
0x005a8530,36
0x005a8560,245
0x005a8660,371
0x005a87e0,52
0x005a8820,55
0x005a8860,3187
0x005a94e0,55
0x005a9520,281
0x005a9640,238
0x005a9730,1136
0x005a9ba0,1090
0x005a9ff0,269
0x005aa100,93
0x005aa160,63
0x005aa1a0,109
0x005aa210,49
0x005aa250,108
0x005aa2c0,77
0x005aa310,168
0x005aa3c0,167
0x005aa470,20
0x005aa490,1397
0x005aaa10,92
0x005aaa70,88
0x005aaad0,1809
0x005ab1f0,1917
0x005ab980,1391
0x005abef0,1261
0x005ac3f0,1142
0x005ac870,995
0x005acc60,864
0x005acfc0,1017
0x005ad3c0,765
0x005ad6c0,740
0x005ad9b0,276
0x005adad0,31
0x005adaf0,479
0x005adcf0,669
0x005adfb0,686
0x005ae260,717
0x005ae530,335
0x005ae680,407
0x005ae820,184
0x005ae8e0,180
0x005ae9a0,184
0x005aea60,180
0x005aeb20,397
0x005aecb0,402
0x005aee50,453
0x005af020,392
0x005af1b0,222
0x005af290,194
0x005af360,942
0x005af710,336
0x005af860,278
0x005af980,255
0x005afa80,399
0x005afc10,593
0x005afea0,823
0x005b01e0,780
0x005b04f0,355
0x005b0660,443
0x005b0820,359
0x005b0990,442
0x005b0b50,360
0x005b0cc0,416
0x005b0e60,485
0x005b1060,677
0x005b1320,414
0x005b14c0,485
0x005b16b0,397
0x005b1840,485
0x005b1a30,672
0x005b1d00,518
0x005b1f30,323
0x005b2080,320
0x005b21c0,369
0x005b2340,233
0x005b2430,293
0x005b2560,233
0x005b2650,293
0x005b2780,233
0x005b2870,266
0x005b2980,233
0x005b2a70,25
0x005b2a90,25
0x005b2ab0,34
0x005b2ae0,34
0x005b2b10,34
0x005b2b40,34
0x005b2b70,68
0x005b2bc0,70
0x005b2c10,1896
0x005b3380,4146
0x005b43c0,3995
0x005b5360,1900
0x005b5ad0,8027
0x005b7a60,51
0x005b7aa0,63
0x005b7ae0,1302
0x005b8000,5794
0x005b96f0,7096
0x005bb2c0,419
0x005bb470,299
0x005bb5a0,892
0x005bb920,581
0x005bbb70,962
0x005bbf40,653
0x005bc1d0,1320
0x005bc700,861
0x005bca60,848
0x005bcdc0,750
0x005bd0b0,276
0x005bd1d0,519
0x005bd3e0,537
0x005bd610,130
0x005bd6a0,926
0x005bda40,278
0x005bdb60,728
0x005bde40,593
0x005be0a0,327
0x005be1f0,1874
0x005be950,1634
0x005befc0,64
0x005bf000,1877
0x005bf760,143
0x005bf7f0,328
0x005bf940,699
0x005bfc00,10669
0x005c25e0,393
0x005c2770,436
0x005c2930,2357
0x005c3270,482
0x005c3460,2825
0x005c3f70,8036
0x005c5ef0,1101
0x005c6340,4082
0x005c7370,1884
0x005c7ad0,3336
0x005c87e0,1061
0x005c8c20,5066
0x005ca000,1676
0x005ca6a0,1573
0x005cacd0,286
0x005cae00,286
0x005caf30,286
0x005cb060,286
0x005cb190,412
0x005cb330,251
0x005cb430,4596
0x005cc630,158
0x005cc6d0,408
0x005cc870,977
0x005ccc50,7539
0x005ce9d0,1279
0x005ceed0,1922
0x005cf660,333
0x005cf7b0,231
0x005cf8a0,1703
0x005cff50,2314
0x005d0860,264
0x005d0970,270
0x005d0a80,369
0x005d0c00,174
0x005d0cb0,78
0x005d0d00,238
0x005d0df0,178
0x005d0eb0,115
0x005d0f30,1218
0x005d1400,269
0x005d1510,209
0x005d15f0,233
0x005d16e0,106
0x005d1750,116
0x005d17d0,18
0x005d17f0,208
0x005d18c0,208
0x005d1990,18
0x005d19b0,3102
0x005d25e0,965
0x005d29b0,55
0x005d29f0,1193
0x005d2ea0,216
0x005d2f80,821
0x005d32c0,437
0x005d3480,426
0x005d3650,970
0x005d3a20,311
0x005d3b60,298
0x005d3c90,575
0x005d3ee0,653
0x005d4190,164
0x005d4240,21
0x005d4260,270
0x005d4370,230
0x005d4460,294
0x005d4590,119
0x005d4610,230
0x005d4700,294
0x005d4830,760
0x005d4b30,47
0x005d4b60,1335
0x005d50a0,116
0x005d5120,114
0x005d51a0,512
0x005d53a0,417
0x005d5550,352
0x005d56b0,6534
0x005d7160,46
0x005d7190,62
0x005d7220,388
0x005d7480,295
0x005d75b0,8118
0x005d9570,274
0x005d9690,320
0x005d97e0,170
0x005d9890,308
0x005d99d0,194
0x005d9aa0,327
0x005d9bf0,425
0x005d9da0,1831
0x005da4d0,1648
0x005dab40,49
0x005dab80,391
0x005dad10,899
0x005db0a0,2118
0x005db8f0,8545
0x005dda60,4536
0x005dec20,3318
0x005df920,696
0x005dfbe0,4743
0x005e0e70,186
0x005e0f30,111
0x005e0fa0,419
0x005e1150,486
0x005e1340,126
0x005e13c0,695
0x005e1680,159
0x005e1720,178
0x005e17e0,324
0x005e1930,86
0x005e1990,195
0x005e1a60,130
0x005e1af0,175
0x005e1ba0,40
0x005e1bd0,57
0x005e1c10,40
0x005e1c40,43
0x005e1c70,57
0x005e1cb0,63
0x005e1cf0,366
0x005e1e60,551
0x005e2090,729
0x005e2370,368
0x005e24e0,91
0x005e2540,136
0x005e25d0,119
0x005e2650,57
0x005e2690,99
0x005e2700,509
0x005e2900,672
0x005e2ba0,57
0x005e2be0,301
0x005e2d10,240
0x005e2e00,44
0x005e2e30,102
0x005e2ea0,206
0x005e2f70,51
0x005e2fb0,84
0x005e3010,173
0x005e30c0,130
0x005e3150,132
0x005e31e0,391
0x005e3370,147
0x005e3410,524
0x005e3620,125
0x005e36a0,114
0x005e3720,126
0x005e37a0,141
0x005e3830,117
0x005e38b0,151
0x005e3950,113
0x005e39d0,144
0x005e3a60,130
0x005e3af0,110
0x005e3b60,141
0x005e3bf0,157
0x005e3c90,228
0x005e3d80,84
0x005e3de0,93
0x005e3e40,99
0x005e3eb0,97
0x005e3f20,187
0x005e3fe0,129
0x005e4070,185
0x005e4130,115
0x005e41b0,118
0x005e4230,118
0x005e42b0,120
0x005e4330,120
0x005e43b0,118
0x005e4430,117
0x005e44b0,126
0x005e4530,90
0x005e4590,156
0x005e4630,108
0x005e46a0,158
0x005e4740,101
0x005e47b0,44
0x005e47e0,317
0x005e4920,416
0x005e4ac0,469
0x005e4ca0,300
0x005e4dd0,134
0x005e4e60,25
0x005e4e80,28
0x005e4ea0,23
0x005e4ec0,26
0x005e4ee0,23
0x005e4f00,26
0x005e4f20,53
0x005e4f60,32
0x005e4f80,31
0x005e4fa0,35
0x005e4fd0,651
0x005e5260,39
0x005e5290,637
0x005e5510,1571
0x005e5b40,859
0x005e5ea0,191
0x005e5f60,1496
0x005e6580,455
0x005e6750,116
0x005e67d0,59
0x005e6810,57
0x005e6850,155
0x005e68f0,60
0x005e6930,207
0x005e6a00,685
0x005e6cb0,43
0x005e6ce0,49
0x005e6d20,43
0x005e6d50,139
0x005e6de0,307
0x005e6f20,27
0x005e6f40,27
0x005e6f60,27
0x005e6f80,827
0x005e72d0,719
0x005e75c0,64
0x005e7600,196
0x005e76d0,119
0x005e7750,491
0x005e7940,44
0x005e7970,211
0x005e7a50,181
0x005e7b10,1414
0x005e80a0,59
0x005e80e0,30
0x005e8100,30
0x005e8120,501
0x005e8320,293
0x005e8450,42
0x005e8480,127
0x005e8500,185
0x005e85c0,196
0x005e8690,191
0x005e8750,202
0x005e8820,196
0x005e88f0,196
0x005e89c0,185
0x005e8a80,198
0x005e8b50,198
0x005e8c20,211
0x005e8d00,211
0x005e8de0,242
0x005e8ee0,292
0x005e9010,207
0x005e90e0,196
0x005e91b0,91
0x005e9210,75
0x005e9260,163
0x005e9310,38
0x005e9340,39
0x005e9370,408
0x005e9510,243
0x005e9610,335
0x005e9760,34
0x005e9790,14
0x005e97a0,335
0x005e98f0,281
0x005e9a10,349
0x005e9b70,606
0x005e9dd0,88
0x005e9e30,84
0x005e9e90,79
0x005e9ee0,684
0x005ea190,726
0x005ea470,28
0x005ea490,792
0x005ea7b0,170
0x005ea860,143
0x005ea8f0,14736
0x005ee290,177
0x005ee350,291
0x005ee480,154
0x005ee520,585
0x005ee770,50
0x005ee7b0,557
0x005ee9f0,506
0x005eebf0,331
0x005eed40,990
0x005ef120,49
0x005ef160,20
0x005ef180,25
0x005ef1a0,44
0x005ef1d0,507
0x005ef3d0,404
0x005ef570,6521
0x005f0f10,2471
0x005f18c0,4244
0x005f2960,287
0x005f2a80,1227
0x005f2f50,143
0x005f2fe0,7095
0x005f4c00,594
0x005f4e60,103
0x005f4ed0,649
0x005f5160,782
0x005f5470,144
0x005f5500,144
0x005f5590,467
0x005f5770,1170
0x005f5c10,47
0x005f5c40,381
0x005f5dd0,654
0x005f6060,279
0x005f6180,749
0x005f6470,251
0x005f6570,177
0x005f6630,384
0x005f67b0,157
0x005f6850,161
0x005f6900,139
0x005f6990,111
0x005f6a00,107
0x005f6a70,53
0x005f6ab0,153
0x005f6b50,60
0x005f6b90,548
0x005f6dc0,85
0x005f6e20,300
0x005f6f50,191
0x005f7010,69
0x005f7060,265
0x005f7170,102
0x005f71e0,146
0x005f7280,121
0x005f7300,77
0x005f7350,93
0x005f73b0,51
0x005f73f0,224
0x005f74e0,45
0x005f7510,118
0x005f7590,271
0x005f76a0,908
0x005f7a30,170
0x005f7ae0,147
0x005f7b80,308
0x005f7cc0,506
0x005f7ec0,99
0x005f7f30,497
0x005f8130,491
0x005f8320,507
0x005f8520,491
0x005f8710,513
0x005f8920,50
0x005f8960,416
0x005f8b00,343
0x005f8c60,281
0x005f8d80,516
0x005f8f90,356
0x005f9100,136
0x005f9190,136
0x005f9220,2034
0x005f9a20,1474
0x005f9ff0,960
0x005fa3b0,586
0x005fa600,311
0x005fa740,325
0x005fa890,142
0x005fa920,52
0x005fa960,39
0x005fa990,42
0x005fa9c0,42
0x005fa9f0,59
0x005faa30,68
0x005faa80,42
0x005faab0,57
0x005faaf0,630
0x005fad70,603
0x005fafd0,69
0x005fb020,77
0x005fb070,114
0x005fb0f0,65
0x005fb140,42
0x005fb170,41
0x005fb1a0,3508
0x005fbf60,4318
0x005fd040,1011
0x005fd440,51
0x005fd480,911
0x005fd810,397
0x005fd9a0,326
0x005fdaf0,245
0x005fdbf0,78
0x005fdc40,88
0x005fdca0,138
0x005fdd30,138
0x005fddc0,53
0x005fde00,63
0x005fde40,42
0x005fde70,39
0x005fdea0,268
0x005fdfb0,268
0x005fe0c0,737
0x005fe3b0,90
0x005fe410,92
0x005fe470,61
0x005fe4b0,2012
0x005fec90,49
0x005fecd0,41
0x005fed00,42
0x005fed30,41
0x005fed60,42
0x005fed90,53
0x005fedd0,135
0x005fee60,142
0x005feef0,47
0x005fef20,213
0x005ff000,54
0x005ff040,264
0x005ff150,343
0x005ff2c0,227
0x005ff3b0,130
0x005ff440,154
0x005ff4e0,162
0x005ff590,80
0x005ff5e0,182
0x005ff6a0,129
0x005ff730,60
0x005ff770,71
0x005ff7c0,58
0x005ff800,28
0x005ff820,114
0x005ff8a0,41
0x005ff8d0,115
0x005ff950,160
0x005ff9f0,72
0x005ffa40,72
0x005ffa90,128
0x005ffb20,136
0x005ffbb0,44
0x005ffbe0,20
0x005ffc00,84
0x005ffc60,241
0x005ffd60,772
0x00600070,17
0x00600090,19
0x006000b0,44
0x006000e0,667
0x00600380,2854
0x00600eb0,112
0x00600f20,395
0x006010b0,1079
0x006014f0,279
0x00601610,296
0x00601740,4784
0x006029f0,487
0x00602be0,492
0x00602dd0,1458
0x00603390,936
0x00603740,161
0x006037f0,102
0x00603860,709
0x00603b50,574
0x00603dd0,245
0x00603ee0,63
0x00603f60,475
0x00604140,133
0x006041d0,133
0x00604260,60
0x006042a0,60
0x006042e0,550
0x00604510,197
0x006045e0,214
0x006046c0,73
0x00604710,1705
0x00604dc0,251
0x00604ec0,230
0x00604fb0,70
0x00605000,22
0x00605020,105
0x00605090,2779
0x00605b80,294
0x00605cb0,206
0x00605d80,248
0x00605e80,180
0x00605f40,162
0x00605ff0,269
0x00606100,83
0x00606160,57
0x006061a0,95
0x00606200,34
0x00606230,133
0x006062c0,402
0x00606460,415
0x00606600,1143
0x00606a80,193
0x00606b50,116
0x00606bd0,87
0x00606c30,200
0x00606d00,42
0x00606d30,229
0x00606e20,623
0x006070a0,1460
0x00607690,59
0x006076d0,181
0x00607790,721
0x00607a70,2478
0x00608420,2828
0x00608f30,474
0x00609110,2972
0x00609cb0,1053
0x0060a0d0,1056
0x0060a4f0,1177
0x0060a990,2479
0x0060b360,841
0x0060b6b0,8742
0x0060d8e0,363
0x0060da50,1653
0x0060e0d0,1500
0x0060e6b0,918
0x0060ea50,4947
0x0060fdd0,272
0x0060fee0,4315
0x00610fc0,12353
0x006140c0,3404
0x00614e10,2595
0x006158b0,321
0x00615a00,324
0x00615b50,50
0x00615b90,229
0x00615c80,57
0x00615cc0,145
0x00615d60,296
0x00615e90,349
0x00615ff0,2531
0x006169e0,44
0x00616a10,79
0x00616a60,8
0x00616a70,1168
0x00616f00,49
0x00616f40,19
0x00616f60,44
0x00616f90,500
0x00617190,395
0x00617320,1446
0x006178d0,172
0x00617980,440
0x00617b40,8421
0x00619c90,108
0x00619d00,300
0x00619e30,35
0x00619e60,933
0x0061a210,7318
0x0061beb0,291
0x0061bfe0,2906
0x0061cb40,527
0x0061cd50,383
0x0061cee0,140
0x0061cf70,144
0x0061d000,50
0x0061d040,193
0x0061d110,253
0x0061d210,261
0x0061d320,762
0x0061d620,179
0x0061d6e0,186
0x0061d7b0,167
0x0061d860,172
0x0061d910,980
0x0061dcf0,922
0x0061e090,19
0x0061e0b0,44
0x0061e0e0,378
0x0061e260,241
0x0061e360,480
0x0061e540,170
0x0061e5f0,397
0x0061e780,2030
0x0061ef70,512
0x0061f170,2186
0x0061fa00,139
0x0061fa90,139
0x0061fb20,306
0x0061fc60,1209
0x00620120,290
0x00620250,5793
0x00621900,666
0x00621ba0,1791
0x006222a0,924
0x00622640,42
0x00622670,213
0x00622750,469
0x00622930,660
0x00622bd0,53
0x00622c10,124
0x00622c90,894
0x00623010,19
0x00623030,44
0x00623060,590
0x006232b0,98
0x00623320,11
0x00623330,852
0x00623690,681
0x00623940,141
0x006239d0,128
0x00623a50,306
0x00623b90,1098
0x00623fe0,647
0x00624270,475
0x00624450,97
0x006244c0,1056
0x006248e0,106
0x00624950,78
0x006249a0,304
0x00624ad0,149
0x00624b70,455
0x00624d40,1095
0x00625190,455
0x00625360,5348
0x00626850,510
0x00626a50,1107
0x00626eb0,1025
0x006272c0,2604
0x00627cf0,117
0x00627d70,218
0x00627e50,267
0x00627f60,54
0x00627fa0,2206
0x00628840,173
0x006288f0,112
0x00628960,174
0x00628a10,19
0x00628a30,44
0x00628a60,199
0x00628b30,175
0x00628be0,88
0x00628c40,1009
0x00629040,377
0x006291c0,90
0x00629220,400
0x006293b0,359
0x00629520,44
0x00629550,98
0x006295c0,13
0x006295d0,1961
0x00629d80,289
0x00629eb0,917
0x0062a250,106
0x0062a2c0,55
0x0062a300,794
0x0062a620,237
0x0062a710,237
0x0062a800,57
0x0062a840,86
0x0062a8a0,86
0x0062a900,121
0x0062a980,311
0x0062aac0,73
0x0062ab10,310
0x0062ac50,44
0x0062ac80,322
0x0062add0,404
0x0062af70,1649
0x0062b5f0,629
0x0062b870,103
0x0062b8e0,306
0x0062ba20,31
0x0062ba40,528
0x0062bc60,370
0x0062bde0,371
0x0062bf60,90
0x0062bfc0,437
0x0062c180,20
0x0062c1a0,25
0x0062c1c0,44
0x0062c1f0,357
0x0062c360,715
0x0062c630,464
0x0062c800,1177
0x0062cca0,153
0x0062cd40,1322
0x0062d280,387
0x0062d410,297
0x0062d540,251
0x0062d640,170
0x0062d6f0,88
0x0062d750,1077
0x0062db90,813
0x0062dec0,1108
0x0062e320,2119
0x0062eb70,160
0x0062ec10,538
0x0062ee30,329
0x0062ef80,226
0x0062f070,2061
0x0062f890,138
0x0062f920,86
0x0062f980,73
0x0062f9d0,35
0x0062fa00,725
0x0062fce0,152
0x0062fd80,44
0x0062fdb0,711
0x00630080,88
0x006300e0,1076
0x00630520,88
0x00630580,37
0x006305b0,43
0x006305e0,548
0x00630810,1799
0x00630f20,423
0x006310d0,389
0x00631260,756
0x00631560,3247
0x00632220,1548
0x00632830,492
0x00632a20,101
0x00632a90,136
0x00632b20,228
0x00632c10,75
0x00632c60,148
0x00632d00,63
0x00632d40,64
0x00632d80,354
0x00632ef0,97
0x00632f60,546
0x00633190,1140
0x00633620,511
0x00633820,518
0x00633a30,113
0x00633ab0,434
0x00633c70,580
0x00633ec0,169
0x00633f70,65
0x00633fc0,526
0x006341d0,427
0x00634380,432
0x00634530,391
0x006346c0,123
0x00634740,82
0x006347a0,373
0x00634920,500
0x00634b20,5270
0x00635fc0,137
0x00636050,669
0x006362f0,496
0x006364e0,55
0x00636520,272
0x00636630,507
0x00636830,345
0x00636990,255
0x00636a90,238
0x00636b80,242
0x00636c80,439
0x00636e40,268
0x00636f50,238
0x00637040,107
0x006370b0,196
0x00637180,33
0x006371b0,95
0x00637210,94
0x00637270,107
0x006372e0,107
0x00637350,272
0x00637460,80
0x006374b0,44
0x006374e0,125
0x00637560,33
0x00637590,92
0x006375f0,44
0x00637620,1418
0x00637bb0,170
0x00637c60,128
0x00637ce0,3815
0x00638bd0,4803
0x00639ea0,152
0x00639f40,333
0x0063a090,518
0x0063a2a0,230
0x0063a390,534
0x0063a5b0,1656
0x0063ac60,453
0x0063ae30,142
0x0063aec0,98
0x0063af30,98
0x0063afa0,167
0x0063b050,106
0x0063b0c0,322
0x0063b210,142
0x0063b2a0,104
0x0063b310,322
0x0063b460,130
0x0063b4f0,548
0x0063b720,142
0x0063b7b0,123
0x0063b830,86
0x0063b890,2329
0x0063c1b0,37
0x0063c1e0,267
0x0063c2f0,297
0x0063c420,261
0x0063c530,1382
0x0063caa0,1055
0x0063cec0,30
0x0063cee0,150
0x0063cf80,57
0x0063cfc0,249
0x0063d0c0,2945
0x0063dc50,223
0x0063dd30,1285
0x0063e240,785
0x0063e560,635
0x0063e7e0,1322
0x0063ed10,169
0x0063edc0,1926
0x0063f550,8327
0x006415e0,2281
0x00641ed0,830
0x00642210,244
0x00642310,415
0x006424b0,1769
0x00642ba0,809
0x00642ed0,454
0x006430a0,9145
0x00645460,963
0x00645830,962
0x00645c00,220
0x00645ce0,1102
0x00646130,220
0x00646210,95
0x00646270,2749
0x00646d30,89
0x00646d90,89
0x00646df0,137
0x00646e80,89
0x00646ee0,89
0x00646f40,113
0x00646fc0,89
0x00647020,33
0x00647050,189
0x00647110,180
0x006471d0,215
0x006472b0,902
0x00647640,1087
0x00647a80,100
0x00647af0,133
0x00647b80,421
0x00647d30,3637
0x00648b70,335
0x00648cc0,9323
0x0064b1b0,89
0x0064b210,98
0x0064b280,581
0x0064b4d0,194
0x0064b5a0,122
0x0064b620,121
0x0064b6a0,186
0x0064b760,98
0x0064b7d0,298
0x0064b900,142
0x0064b990,239
0x0064ba90,151
0x0064bb30,109
0x0064bba0,109
0x0064bc10,107
0x0064bc80,1691
0x0064c320,150
0x0064c3c0,133
0x0064c450,61
0x0064c490,252
0x0064c590,110
0x0064c600,222
0x0064c6e0,913
0x0064ca80,266
0x0064cb90,482
0x0064cd80,154
0x0064ce20,440
0x0064cfe0,437
0x0064d1a0,89
0x0064d200,91
0x0064d260,115
0x0064d2e0,89
0x0064d340,91
0x0064d3a0,89
0x0064d400,103
0x0064d470,103
0x0064d4e0,230
0x0064d5d0,320
0x0064d720,97
0x0064d790,96
0x0064d7f0,38
0x0064d820,133
0x0064d8b0,672
0x0064db50,92
0x0064dbb0,127
0x0064dc30,85
0x0064dc90,113
0x0064dd10,63
0x0064dd50,91
0x0064dde0,27
0x0064de00,63
0x0064de40,102
0x0064deb0,305
0x0064dff0,139
0x0064e080,62
0x0064e0c0,71
0x0064e110,49
0x0064e150,854
0x0064e4b0,20
0x0064e4d0,20
0x0064e4f0,20
0x0064e510,19
0x0064e530,475
0x0064e710,508
0x0064e910,493
0x0064eb00,5997
0x00650270,121
0x006502f0,848
0x00650640,979
0x00650a20,129
0x00650ab0,299
0x00650be0,348
0x00650d40,158
0x00650de0,26
0x00650e00,650
0x00651090,2068
0x006518b0,1366
0x00651e30,497
0x00652030,185
0x006520f0,185
0x006521b0,1329
0x006526f0,197
0x006527c0,78
0x00652810,286
0x00652930,133
0x006529c0,98
0x00652a30,255
0x00652b40,293
0x00652c70,1026
0x00653080,29
0x006530a0,159
0x00653140,77
0x00653190,285
0x006532b0,88
0x00653310,63
0x00653350,63
0x00653390,64
0x006533d0,96
0x00653430,63
0x00653470,148
0x00653510,98
0x00653580,270
0x00653690,91
0x006536f0,119
0x00653770,441
0x00653930,248
0x00653a30,264
0x00653b40,118
0x00653bc0,249
0x00653cc0,114
0x00653d40,129
0x00653dd0,103
0x00653e40,969
0x00654210,178
0x006542d0,344
0x00654430,88
0x00654490,88
0x006544f0,85
0x00654550,85
0x006545b0,190
0x00654670,78
0x006546c0,118
0x00654740,280
0x00654860,267
0x00654970,299
0x00654aa0,268
0x00654bb0,270
0x00654cc0,259
0x00654dd0,301
0x00654f00,268
0x00655010,1644
0x00655690,1110
0x00655b00,2481
0x006564c0,377
0x00656640,204
0x00656710,108
0x00656780,31
0x006567a0,44
0x006567d0,28
0x006567f0,126
0x00656870,609
0x00656af0,13697
0x0065a080,234
0x0065a170,3452
0x0065af60,102
0x0065afd0,289
0x0065b100,355
0x0065b270,342
0x0065b3d0,182
0x0065b490,91
0x0065b4f0,2138
0x0065bd50,284
0x0065be70,9928
0x0065e670,3973
0x0065f630,599
0x0065f8a0,1449
0x0065fef0,328
0x00660040,1465
0x00660600,264
0x00660710,5280
0x00661be0,66
0x00661c30,1059
0x00662060,639
0x00662300,88
0x00662360,871
0x006626d0,506
0x006628d0,764
0x00662bd0,260
0x00662ce0,95
0x00662d50,112
0x00662dc0,83
0x00662e20,244
0x00662f20,60
0x00662f60,3896
0x00663eb0,165
0x00663f60,168
0x00664010,611
0x00664280,217
0x00664360,297
0x00664490,59
0x006644d0,166
0x00664580,197
0x00664650,47
0x00664680,372
0x00664800,502
0x00664a00,212
0x00664ae0,450
0x00664cb0,207
0x00664d80,183
0x00664e40,228
0x00664f30,697
0x006651f0,133
0x00665280,236
0x00665370,1979
0x00665b30,409
0x00665cd0,234
0x00665dc0,37
0x00665df0,44
0x00665e20,28
0x00665e40,31
0x00665e60,44
0x00665e90,28
0x00665eb0,127
0x00665f30,20
0x00665f50,12410
0x00668fd0,77
0x00669020,66
0x00669070,192
0x00669130,424
0x006692e0,143
0x00669370,468
0x00669550,252
0x00669650,315
0x00669790,374
0x00669910,192
0x006699d0,118
0x00669a50,123
0x00669ad0,125
0x00669b50,60
0x00669b90,231
0x00669c80,826
0x00669fc0,159
0x0066a060,133
0x0066a0f0,306
0x0066a230,682
0x0066a4e0,174
0x0066a590,955
0x0066a950,459
0x0066ab20,308
0x0066ac60,171
0x0066ad10,2343
0x0066b640,280
0x0066b770,140
0x0066b800,160
0x0066b8a0,686
0x0066bb50,244
0x0066bc50,360
0x0066bdc0,465
0x0066bfa0,154
0x0066c040,282
0x0066c160,720
0x0066c430,556
0x0066c660,318
0x0066c7a0,483
0x0066c990,236
0x0066ca80,208
0x0066cb50,1626
0x0066d1b0,254
0x0066d2b0,369
0x0066d4d0,681
0x0066d780,613
0x0066d9f0,243
0x0066daf0,166
0x0066dba0,212
0x0066dc80,165
0x0066dd30,567
0x0066df70,2159
0x0066e7e0,2197
0x0066f0a0,650
0x0066f330,113
0x0066f3b0,199
0x0066f480,1290
0x0066f990,2362
0x00670370,309
0x006704b0,194
0x00670580,230
0x00670670,230
0x00670760,883
0x00670ae0,422
0x00670c90,124
0x00670d10,880
0x006710a0,38
0x006710d0,1417
0x00671660,447
0x00671820,447
0x006719e0,534
0x00671c00,534
0x00671e20,766
0x00672120,477
0x00672300,477
0x006724e0,493
0x006726d0,344
0x00672830,252
0x00672930,1883
0x00673270,380
0x006733f0,666
0x00673690,496
0x00673880,455
0x00673a50,455
0x00673c20,496
0x00673e10,526
0x00674020,492
0x00674210,312
0x00674350,471
0x00674530,359
0x006746a0,359
0x00674810,317
0x00674950,359
0x00674ac0,359
0x00674c30,317
0x00674d70,417
0x00674f20,434
0x006750e0,372
0x00675260,429
0x00675410,386
0x006755a0,361
0x00675710,367
0x00675880,344
0x006759e0,395
0x00675b70,395
0x00675d00,318
0x00675e40,379
0x00675fc0,528
0x006761d0,528
0x006763e0,275
0x00676500,448
0x006766c0,448
0x00676880,376
0x00676a00,470
0x00676be0,317
0x00676d20,317
0x00676e60,418
0x00677010,418
0x006771c0,275
0x006772e0,501
0x006774e0,252
0x006775e0,361
0x00677750,262
0x00677860,491
0x00677a50,252
0x00677b50,282
0x00677c70,282
0x00677d90,252
0x00677e90,282
0x00677fb0,282
0x006780d0,282
0x006781f0,252
0x006782f0,240
0x006783e0,240
0x006784d0,443
0x00678690,111
0x00678700,391
0x00678890,690
0x00678b50,226
0x00678c40,620
0x00678eb0,402
0x00679050,316
0x00679190,38
0x006791c0,322
0x00679310,724
0x006795f0,80
0x00679640,453
0x00679810,220
0x006798f0,523
0x00679b00,370
0x00679c90,284
0x00679dd0,320
0x00679f20,177
0x00679fe0,142
0x0067a070,357
0x0067a1e0,97
0x0067a250,121
0x0067a2d0,97
0x0067a340,97
0x0067a3b0,97
0x0067a420,121
0x0067a4a0,124
0x0067a520,130
0x0067a5b0,97
0x0067a620,676
0x0067a8d0,152
0x0067a970,679
0x0067ac20,155
0x0067acc0,255
0x0067adc0,121
0x0067ae40,696
0x0067b100,294
0x0067b230,225
0x0067b320,130
0x0067b3b0,236
0x0067b4a0,274
0x0067b5c0,527
0x0067b7d0,577
0x0067ba20,416
0x0067bbc0,426
0x0067bd70,910
0x0067c100,163
0x0067c1b0,156
0x0067c250,156
0x0067c2f0,156
0x0067c390,159
0x0067c430,467
0x0067c610,215
0x0067c6f0,402
0x0067c8b0,346
0x0067ca10,212
0x0067caf0,212
0x0067cbd0,239
0x0067ccc0,212
0x0067cda0,263
0x0067ceb0,185
0x0067cf70,212
0x0067d050,263
0x0067d160,139
0x0067d1f0,385
0x0067d380,263
0x0067d490,212
0x0067d570,263
0x0067d680,263
0x0067d790,270
0x0067d8a0,324
0x0067d9f0,81
0x0067da50,277
0x0067db70,307
0x0067dcb0,275
0x0067ddd0,121
0x0067de50,248
0x0067df50,165
0x0067e000,248
0x0067e100,174
0x0067e1b0,279
0x0067e2d0,191
0x0067e390,264
0x0067e4a0,227
0x0067e590,222
0x0067e670,190
0x0067e730,222
0x0067e810,386
0x0067e9a0,175
0x0067ea50,123
0x0067ead0,116
0x0067eb50,3293
0x0067f840,128
0x0067f8c0,126
0x0067f940,106
0x0067f9b0,106
0x0067fa20,895
0x0067fdc0,106
0x0067fe30,137
0x0067fec0,310
0x00680000,203
0x006800d0,106
0x00680140,239
0x00680230,281
0x00680350,163
0x00680400,258
0x00680510,157
0x006805b0,225
0x006806a0,396
0x00680830,1770
0x00680f20,289
0x00681050,759
0x00681350,256
0x00681450,386
0x006815e0,660
0x00681880,15
0x00681890,168
0x00681940,128
0x006819c0,128
0x00681a40,283
0x00681b80,128
0x00681c00,128
0x00681c80,239
0x00681d70,177
0x00681e30,128
0x00681eb0,143
0x00681f40,248
0x00682040,213
0x00682120,128
0x006821a0,572
0x006823e0,136
0x00682470,213
0x00682550,177
0x00682610,84
0x00682670,154
0x00682710,482
0x00682900,146
0x006829a0,121
0x00682a20,213
0x00682b00,171
0x00682bb0,121
0x00682c30,351
0x00682dc0,65
0x00682e10,319
0x00682f50,354
0x006830c0,220
0x006831a0,972
0x00683570,326
0x006836c0,123
0x00683740,123
0x006837c0,141
0x00683850,114
0x006838d0,172
0x006839a0,385
0x00683b30,151
0x00683bd0,367
0x00683d40,4828
0x00685140,674
0x006853f0,130
0x00685480,123
0x00685500,293
0x00685630,808
0x00685960,3631
0x006867a0,312
0x00686910,116
0x00686990,296
0x00686ac0,308
0x00686c00,120
0x00686c80,575
0x00686ee0,261
0x00686ff0,398
0x00687180,165
0x00687230,693
0x006874f0,151
0x00687590,73
0x006875e0,201
0x006876b0,90
0x00687710,120
0x00687790,167
0x00687840,230
0x00687930,202
0x00687a00,683
0x00687cb0,324
0x00687e00,187
0x00687ec0,233
0x00687fb0,43
0x00687fe0,271
0x006880f0,622
0x00688360,130
0x006883f0,183
0x006884b0,224
0x00688590,136
0x00688620,137
0x006886b0,152
0x00688750,346
0x006888b0,321
0x00688a00,184
0x00688ac0,154
0x00688b60,267
0x00688c70,354
0x00688de0,226
0x00688ed0,289
0x00689000,354
0x00689170,289
0x006892a0,262
0x006893b0,419
0x00689560,363
0x006896d0,72
0x00689720,72
0x00689770,72
0x006897c0,72
0x00689810,205
0x006898e0,3495
0x0068a690,141
0x0068a720,237
0x0068a810,306
0x0068a950,345
0x0068aab0,161
0x0068ab60,324
0x0068acb0,183
0x0068ad70,229
0x0068ae60,286
0x0068af80,388
0x0068b110,375
0x0068b290,78
0x0068b2e0,210
0x0068b3c0,229
0x0068b4b0,313
0x0068b5f0,194
0x0068b6c0,329
0x0068b810,278
0x0068b930,77
0x0068b980,133
0x0068ba10,144
0x0068baa0,147
0x0068bb40,159
0x0068bbe0,121
0x0068bc60,136
0x0068bcf0,122
0x0068bd70,137
0x0068be00,128
0x0068be80,215
0x0068bf60,504
0x0068c160,531
0x0068c380,285
0x0068c4a0,747
0x0068c7c0,487
0x0068c9b0,405
0x0068cb50,900
0x0068cee0,637
0x0068d160,392
0x0068d300,265
0x0068d410,466
0x0068d5f0,240
0x0068d6e0,237
0x0068d7d0,690
0x0068da90,110
0x0068db00,2286
0x0068e5c0,340
0x0068e720,346
0x0068e880,391
0x0068ea10,96
0x0068ea70,380
0x0068ebf0,225
0x0068ece0,521
0x0068eef0,451
0x0068f0c0,84
0x0068f120,210
0x0068f200,84
0x0068f260,361
0x0068f3d0,99
0x0068f440,273
0x0068f560,112
0x0068f5d0,109
0x0068f640,292
0x0068f770,110
0x0068f7e0,457
0x0068f9b0,364
0x0068fb20,534
0x0068fd40,123
0x0068fdc0,228
0x0068feb0,328
0x00690000,227
0x006900f0,1699
0x006907a0,253
0x006908d0,76
0x00690920,354
0x00690a90,354
0x00690c00,241
0x00690d00,107
0x00690d70,299
0x00690ea0,148
0x00690f40,210
0x00691020,188
0x006910e0,401
0x00691280,223
0x00691360,678
0x00691610,308
0x00691750,306
0x00691890,275
0x006919b0,114
0x00691a30,499
0x00691c30,918
0x00691fd0,186
0x00692090,145
0x00692130,258
0x00692240,352
0x006923a0,235
0x00692490,314
0x006925d0,105
0x00692640,114
0x006926c0,153
0x00692760,135
0x006927f0,146
0x00692890,117
0x00692910,233
0x00692a00,245
0x00692b00,127
0x00692b80,192
0x00692c40,60
0x00692c80,81
0x00692ce0,365
0x00692e50,455
0x00693020,254
0x00693120,117
0x006931a0,117
0x00693220,114
0x006932a0,84
0x00693300,117
0x00693380,117
0x00693400,147
0x006934a0,114
0x00693520,84
0x00693580,152
0x00693620,229
0x00693710,325
0x00693860,593
0x00693ac0,331
0x00693c10,1372
0x00694170,96
0x006941d0,286
0x006942f0,269
0x00694400,103
0x00694470,1291
0x00694980,101
0x006949f0,1041
0x00694e10,437
0x00694fd0,364
0x00695140,194
0x00695210,340
0x00695370,254
0x00695470,140
0x00695500,378
0x00695680,107
0x006956f0,190
0x006957b0,1886
0x00695f10,255
0x00696010,293
0x00696140,77
0x00696190,190
0x00696250,712
0x00696520,91
0x00696580,197
0x00696650,96
0x006966b0,230
0x006967a0,229
0x00696890,154
0x00696930,172
0x006969e0,278
0x00696b00,239
0x00696bf0,197
0x00696cc0,191
0x00696d80,129
0x00696e10,520
0x00697020,111
0x00697090,134
0x00697120,71
0x00697170,121
0x006971f0,618
0x00697460,74
0x006974b0,104
0x00697520,103
0x00697590,104
0x00697600,103
0x00697670,77
0x006976c0,140
0x00697750,65
0x006977a0,74
0x006977f0,117
0x00697870,77
0x006978c0,122
0x00697940,109
0x006979b0,122
0x00697a30,109
0x00697aa0,114
0x00697b20,116
0x00697ba0,115
0x00697c20,151
0x00697cc0,133
0x00697d50,133
0x00697de0,122
0x00697e60,115
0x00697ee0,388
0x00698070,140
0x00698100,140
0x00698190,1350
0x006986e0,103
0x00698750,71
0x006987a0,208
0x00698870,97
0x006988e0,80
0x00698930,77
0x00698980,314
0x00698ac0,213
0x00698ba0,728
0x00698e80,379
0x00699000,216
0x006990e0,348
0x00699240,303
0x00699380,45
0x006993b0,211
0x00699490,191
0x00699550,76
0x006995a0,52
0x006995e0,172
0x00699690,134
0x00699720,52
0x00699760,74
0x006997b0,76
0x00699800,156
0x006998a0,897
0x00699c30,104
0x00699ca0,106
0x00699d10,152
0x00699db0,52
0x00699df0,81
0x00699e50,48
0x00699e80,221
0x00699f60,137
0x00699ff0,200
0x0069a0c0,291
0x0069a1f0,270
0x0069a300,151
0x0069a3a0,65
0x0069a3f0,217
0x0069a4d0,67
0x0069a520,88
0x0069a580,120
0x0069a600,127
0x0069a680,1398
0x0069ac00,91
0x0069ac60,598
0x0069aec0,416
0x0069b060,145
0x0069b100,282
0x0069b220,154
0x0069b2c0,140
0x0069b350,229
0x0069b440,237
0x0069b530,166
0x0069b5e0,121
0x0069b660,188
0x0069b720,159
0x0069b7c0,123
0x0069b840,244
0x0069b940,50
0x0069b980,119
0x0069ba00,252
0x0069bb00,91
0x0069bb60,173
0x0069bc10,91
0x0069bc70,114
0x0069bcf0,88
0x0069bd50,134
0x0069bde0,179
0x0069bea0,372
0x0069c020,467
0x0069c200,185
0x0069c2c0,118
0x0069c340,118
0x0069c3c0,154
0x0069c460,1328
0x0069c990,67
0x0069c9e0,110
0x0069ca50,87
0x0069cab0,303
0x0069cbe0,462
0x0069cdb0,1062
0x0069d1e0,2038
0x0069d9e0,615
0x0069dc50,586
0x0069dea0,1550
0x0069e4b0,44
0x0069e4e0,789
0x0069e870,109
0x0069e9c0,5395
0x0069fee0,3948
0x006a0e50,2381
0x006a17a0,2138
0x006a2000,78
0x006a2050,80
0x006a20f0,79
0x006a2140,33
0x006a2170,325
0x006a22c0,280
0x006a23e0,44
0x006a2410,43
0x006a2440,143
0x006a24d0,159
0x006a2570,131
0x006a2600,134
0x006a2690,123
0x006a2710,297
0x006a2840,92
0x006a28a0,92
0x006a2900,2741
0x006a34a0,2472
0x006a3e80,228
0x006a3f70,21
0x006a3f90,154
0x006a4030,67
0x006a4080,80
0x006a40d0,37
0x006a4100,38
0x006a4130,37
0x006a4160,38
0x006a4190,36
0x006a41c0,99
0x006a4230,40
0x006a4260,1894
0x006a49d0,606
0x006a4c30,145
0x006a4cd0,288
0x006a4e00,540
0x006a5020,229
0x006a5110,7751
0x006a6f80,493
0x006a7170,23
0x006a7190,2990
0x006a7d40,101
0x006a7db0,1472
0x006a8370,753
0x006a8670,1450
0x006a8c20,625
0x006a8ea0,110
0x006a8f10,202
0x006a8fe0,277
0x006a9100,667
0x006a93a0,11176
0x006abf70,3908
0x006acec0,562
0x006ad1a0,201
0x006ad2f0,122
0x006ad370,60
0x006ad3b0,69
0x006ad400,1284
0x006ad910,1453
0x006adec0,7065
0x006afa60,514
0x006afcd0,422
0x006afed0,15520
0x006b3b70,413
0x006b3d10,4486
0x006b4ea0,2791
0x006b5990,167
0x006b5a40,167
0x006b5af0,167
0x006b5ba0,167
0x006b5c50,167
0x006b5d00,167
0x006b5db0,299
0x006b5ee0,1809
0x006b6600,243
0x006b6700,197
0x006b67d0,54
0x006b6810,54
0x006b6850,207
0x006b6920,62
0x006b6960,62
0x006b69a0,62
0x006b69e0,53
0x006b6a20,129
0x006b6ab0,53
0x006b6af0,48
0x006b6b30,20
0x006b6b50,124
0x006b6bd0,1167
0x006b7060,640
0x006b72e0,46
0x006b7310,132
0x006b73a0,542
0x006b75c0,542
0x006b77e0,542
0x006b7a00,423
0x006b7bb0,1510
0x006b81c0,150
0x006b8280,229
0x006b8370,123
0x006b83f0,69
0x006b8440,306
0x006b8580,108
0x006b85f0,172
0x006b86a0,185
0x006b8760,80
0x006b87b0,68
0x006b8800,62
0x006b8840,863
0x006b8bb0,487
0x006b8da0,217
0x006b8e80,83
0x006b8ee0,83
0x006b8f40,620
0x006b91b0,1090
0x006b9600,62
0x006b9640,334
0x006b9790,210
0x006b9870,1262
0x006b9d80,1415
0x006ba320,761
0x006ba620,137
0x006ba6b0,137
0x006ba740,134
0x006ba7d0,78
0x006ba820,198
0x006ba8f0,128
0x006ba970,116
0x006ba9f0,70
0x006baa40,70
0x006baa90,70
0x006baae0,70
0x006bab30,70
0x006bab80,70
0x006babd0,307
0x006bad10,75
0x006bad60,50
0x006bada0,90
0x006bae00,181
0x006baec0,1245
0x006bb3a0,3382
0x006bc0e0,738
0x006bc3d0,33
0x006bc400,33
0x006bc430,53
0x006bc470,148
0x006bc530,54
0x006bc570,437
0x006bc730,447
0x006bc9a0,1112
0x006bce00,407
0x006bcfa0,2145
0x006bd810,120
0x006bd890,112
0x006bd900,186
0x006bd9c0,781
0x006bdcd0,136
0x006bdd60,205
0x006bde30,326
0x006bdf80,184
0x006be040,88
0x006be0a0,171
0x006be150,1181
0x006be5f0,373
0x006be770,161
0x006be820,469
0x006bea00,267
0x006beb10,724
0x006bedf0,5244
0x006c0330,882
0x006c06b0,947
0x006c0a70,43
0x006c0aa0,85
0x006c0b00,118
0x006c0b80,1095
0x006c0fd0,197
0x006c10a0,190
0x006c11c0,52
0x006c1200,52
0x006c1240,144
0x006c12d0,173
0x006c1380,84
0x006c13e0,109
0x006c1450,57
0x006c1490,10753
0x006c3ea0,308
0x006c3fe0,308
0x006c4120,408
0x006c42c0,1190
0x006c4770,44
0x006c47a0,385
0x006c4930,148
0x006c49d0,1462
0x006c4f90,176
0x006c5040,186
0x006c5100,152
0x006c51a0,176
0x006c52b0,186
0x006c5370,19
0x006c5390,96
0x006c53f0,4100
0x006c6400,121
0x006c6480,32
0x006c64a0,120
0x006c6520,356
0x006c6690,92
0x006c66f0,133
0x006c67e0,3098
0x006c7400,430
0x006c75b0,849
0x006c7910,288
0x006c7a30,1323
0x006c7f60,34
0x006c7f90,224
0x006c8070,151
0x006c8110,3263
0x006c8de0,1425
0x006c9380,996
0x006c9770,356
0x006c98e0,22
0x006c9900,754
0x006c9c00,3566
0x006ca9f0,665
0x006cac90,386
0x006cae20,4888
0x006cc140,5215
0x006cd5b0,3516
0x006ce370,129
0x006ce400,645
0x006ce690,126
0x006ce710,3763
0x006cf5d0,356
0x006cf740,456
0x006cf910,338
0x006cfa70,338
0x006cfbd0,156
0x006cfc70,156
0x006cfd10,175
0x006cfdc0,138
0x006cfe50,299
0x006cff80,196
0x006d0050,281
0x006d0170,196
0x006d0240,79
0x006d0290,65
0x006d02e0,44
0x006d0310,20
0x006d0330,513
0x006d0540,87
0x006d05a0,113
0x006d0620,66
0x006d0670,483
0x006d0880,101
0x006d08f0,53
0x006d0930,259
0x006d0a40,468
0x006d0c20,101
0x006d0c90,24
0x006d0cb0,19
0x006d0cd0,104
0x006d0d40,104
0x006d0db0,4583
0x006d1fa0,231
0x006d2090,319
0x006d21d0,959
0x006d2590,959
0x006d2950,795
0x006d2c70,63
0x006d2cb0,64
0x006d2cf0,205
0x006d2dc0,81
0x006d2e20,191
0x006d2ee0,188
0x006d2fa0,324
0x006d30f0,268
0x006d3200,197
0x006d32d0,86
0x006d3330,256
0x006d3430,64
0x006d3470,29
0x006d3490,146
0x006d3530,330
0x006d3680,145
0x006d3720,170
0x006d37d0,165
0x006d3880,150
0x006d3920,348
0x006d3a80,348
0x006d3be0,461
0x006d3db0,451
0x006d3f80,97
0x006d3ff0,172
0x006d40a0,371
0x006d4220,154
0x006d42c0,153
0x006d4360,508
0x006d4560,365
0x006d46d0,362
0x006d4840,83
0x006d48a0,362
0x006d4a10,148
0x006d4ab0,61
0x006d4af0,181
0x006d4bb0,58
0x006d4bf0,125
0x006d4c70,305
0x006d4db0,167
0x006d4e60,138
0x006d4ef0,129
0x006d4f80,51
0x006d4fc0,52
0x006d5000,138
0x006d5090,76
0x006d50e0,76
0x006d5130,84
0x006d5190,109
0x006d5200,57
0x006d5240,6993
0x006d6da0,52
0x006d6de0,44
0x006d6e10,20
0x006d6e30,46
0x006d6e60,129
0x006d6ef0,53
0x006d6f30,173
0x006d6fe0,173
0x006d7090,670
0x006d7330,96
0x006d7390,8297
0x006d9410,236
0x006d9500,3986
0x006da4f0,1290
0x006daa00,186
0x006daac0,81
0x006dab20,93
0x006dab80,227
0x006dac70,123
0x006dacf0,522
0x006daf00,1289
0x006db410,69
0x006db460,60
0x006db4a0,3132
0x006dc140,322
0x006dc290,456
0x006dc460,194
0x006dc530,135
0x006dc5c0,1197
0x006dca70,362
0x006dcbe0,3864
0x006ddb00,1956
0x006de2b0,157
0x006de350,779
0x006de660,187
0x006de720,187
0x006de7e0,161
0x006de890,267
0x006de9a0,79
0x006de9f0,79
0x006dea40,79
0x006dea90,1941
0x006df230,104
0x006df2a0,4075
0x006e0380,135
0x006e0410,483
0x006e0600,79
0x006e0650,1206
0x006e0b10,1256
0x006e1000,1337
0x006e1540,466
0x006e1720,96
0x006e1780,431
0x006e1930,808
0x006e1c60,1935
0x006e2410,145
0x006e24b0,1280
0x006e29b0,658
0x006e2c50,123
0x006e2cd0,706
0x006e2fa0,1657
0x006e3650,1004
0x006e3a40,3044
0x006e4630,2418
0x006e4fb0,128
0x006e5030,412
0x006e51d0,305
0x006e5310,408
0x006e54b0,408
0x006e5650,513
0x006e5860,680
0x006e5b10,577
0x006e5d60,408
0x006e5f00,975
0x006e62d0,183
0x006e6390,614
0x006e6600,302
0x006e6730,324
0x006e6880,446
0x006e6a40,123
0x006e6ac0,120
0x006e6b40,806
0x006e6e70,800
0x006e71d0,1042
0x006e75f0,19
0x006e7610,1617
0x006e7c70,2298
0x006e8570,545
0x006e87a0,237
0x006e8890,237
0x006e8980,1113
0x006e8de0,1903
0x006e9550,298
0x006e9680,237
0x006e9770,237
0x006e9860,362
0x006e99d0,484
0x006e9bc0,176
0x006e9c70,176
0x006e9d20,176
0x006e9dd0,176
0x006e9e80,176
0x006e9f30,176
0x006e9fe0,176
0x006ea090,176
0x006ea140,176
0x006ea1f0,176
0x006ea2a0,298
0x006ea3d0,237
0x006ea4c0,176
0x006ea570,176
0x006ea620,176
0x006ea6d0,176
0x006ea780,176
0x006ea830,185
0x006ea8f0,185
0x006ea9b0,185
0x006eaa70,185
0x006eab30,185
0x006eabf0,185
0x006eacb0,185
0x006ead70,185
0x006eae30,185
0x006eaef0,185
0x006eafb0,185
0x006eb070,185
0x006eb130,185
0x006eb1f0,185
0x006eb2b0,185
0x006eb370,185
0x006eb430,185
0x006eb4f0,185
0x006eb5b0,185
0x006eb670,1243
0x006ebb50,185
0x006ebc10,316
0x006ebd50,185
0x006ebe10,185
0x006ebed0,185
0x006ebf90,185
0x006ec050,185
0x006ec110,185
0x006ec1d0,444
0x006ec390,185
0x006ec450,185
0x006ec510,185
0x006ec5d0,185
0x006ec690,185
0x006ec750,185
0x006ec810,185
0x006ec8d0,185
0x006ec990,185
0x006eca50,185
0x006ecb10,185
0x006ecbd0,185
0x006ecc90,252
0x006ecd90,252
0x006ece90,252
0x006ecf90,185
0x006ed050,185
0x006ed110,185
0x006ed1d0,185
0x006ed290,185
0x006ed350,185
0x006ed410,185
0x006ed4d0,185
0x006ed590,185
0x006ed650,185
0x006ed710,185
0x006ed7d0,9797
0x006efe20,680
0x006f00d0,188
0x006f0190,71
0x006f01e0,606
0x006f0440,195
0x006f0510,73
0x006f0560,467
0x006f0740,422
0x006f08f0,46
0x006f0920,46
0x006f0950,49
0x006f0990,49
0x006f09d0,84
0x006f0a30,110
0x006f0aa0,558
0x006f0cd0,443
0x006f0e90,1550
0x006f14c0,678
0x006f1770,769
0x006f1a80,1086
0x006f1ec0,864
0x006f2220,531
0x006f2440,137
0x006f24d0,171
0x006f2580,132
0x006f2610,117
0x006f2690,117
0x006f2710,152
0x006f27b0,122
0x006f2830,121
0x006f28b0,185
0x006f2970,185
0x006f2a30,81
0x006f2a90,701
0x006f2d50,377
0x006f2ed0,44
0x006f2f00,167
0x006f2fb0,164
0x006f3060,75
0x006f30b0,75
0x006f3100,75
0x006f3150,67
0x006f31a0,118
0x006f3220,100
0x006f3290,97
0x006f3300,183
0x006f33c0,171
0x006f3470,360
0x006f35e0,167
0x006f3690,284
0x006f37b0,334
0x006f3900,97
0x006f3970,147
0x006f3a10,48
0x006f3a40,94
0x006f3aa0,86
0x006f3b00,86
0x006f3b60,56
0x006f3ba0,57
0x006f3be0,173
0x006f3c90,57
0x006f3cd0,27
0x006f3cf0,71
0x006f3d40,44
0x006f3d70,28
0x006f3d90,17
0x006f3db0,41
0x006f3de0,44
0x006f3e10,28
0x006f3e30,127
0x006f3eb0,40
0x006f3ee0,41
0x006f3f10,28
0x006f3f30,149
0x006f3fd0,2172
0x006f4850,335
0x006f49a0,558
0x006f4bd0,178
0x006f4c90,41
0x006f4cc0,28
0x006f4ce0,1940
0x006f5480,521
0x006f5690,250
0x006f5790,117
0x006f5810,28
0x006f5830,44
0x006f5860,44
0x006f5890,20
0x006f58b0,256
0x006f59b0,239
0x006f5aa0,24
0x006f5ac0,58
0x006f5b00,57
0x006f5b40,49
0x006f5b80,1659
0x006f6200,284
0x006f6320,249
0x006f6420,277
0x006f6540,245
0x006f6640,508
0x006f6840,257
0x006f6970,120
0x006f69f0,163
0x006f6aa0,243
0x006f6bc0,196
0x006f6c90,288
0x006f6db0,322
0x006f6f10,106
0x006f6f80,266
0x006f7090,135
0x006f7120,119
0x006f71a0,111
0x006f7210,136
0x006f72a0,177
0x006f7360,269
0x006f74c0,110
0x006f7530,171
0x006f75e0,268
0x006f76f0,168
0x006f77a0,176
0x006f7850,362
0x006f79c0,244
0x006f7ac0,238
0x006f7bb0,270
0x006f7cd0,389
0x006f7e60,218
0x006f7f40,256
0x006f8040,304
0x006f8180,202
0x006f8250,183
0x006f8340,298
0x006f84e0,198
0x006f85d0,263
0x006f8740,234
0x006f8830,232
0x006f8920,160
0x006f89c0,80
0x006f8a10,114
0x006f8a90,196
0x006f8b60,100
0x006f8bd0,125
0x006f8c50,77
0x006f8ca0,693
0x006f8f60,317
0x006f90a0,134
0x006f9130,22
0x006f9150,172
0x006f9200,532
0x006f9420,19
0x006f9440,1447
0x006f99f0,664
0x006f9c90,165
0x006f9d40,139
0x006f9dd0,182
0x006f9e90,213
0x006f9f70,257
0x006fa080,243
0x006fa180,119
0x006fa200,197
0x006fa2d0,278
0x006fa3f0,139
0x006fa480,163
0x006fa530,72
0x006fa580,3646
0x006fb3c0,32
0x006fb3e0,2122
0x006fbc30,256
0x006fbd40,696
0x006fc000,686
0x006fc2b0,168
0x006fc360,600
0x006fc5d0,3229
0x006fd270,546
0x006fd4a0,149
0x006fd540,356
0x006fd6b0,78
0x006fd700,163
0x006fd7b0,137
0x006fd840,136
0x006fd8d0,96
0x006fd960,32
0x006fd980,28
0x006fd9a0,28
0x006fd9c0,28
0x006fd9e0,28
0x006fda00,31
0x006fda20,28
0x006fda40,46
0x006fda70,28
0x006fda90,28
0x006fdab0,32
0x006fdad0,32
0x006fdaf0,28
0x006fdb10,28
0x006fdb30,28
0x006fdbb0,28
0x006fdbd0,391
0x006fdd60,94
0x006fddc0,228
0x006fdeb0,427
0x006fe0d0,173
0x006fe1f0,176
0x006fe360,164
0x006fe410,44
0x006fe440,19
0x006fe460,458
0x006fe630,593
0x006fe890,75
0x006fe8e0,1171
0x006fed80,487
0x006fef80,784
0x006ff2a0,406
0x006ff440,16
0x006ff450,282
0x006ff570,184
0x006ff630,176
0x006ff6e0,194
0x006ff7b0,44
0x006ff7e0,177
0x006ff8a0,130
0x006ff930,192
0x006ff9f0,9336
0x00701f20,92
0x00701f80,80
0x00701fd0,716
0x007022a0,740
0x00702590,689
0x00702850,345
0x007029b0,53
0x007029f0,353
0x00702b60,119
0x00702be0,72
0x00702c30,127
0x00702cb0,72
0x00702d00,107
0x00702d70,84
0x00702dd0,129
0x00702e60,188
0x00702f20,185
0x00702fe0,131
0x00703070,127
0x007030f0,72
0x00703140,547
0x00703370,434
0x00703530,646
0x007037c0,78
0x00703810,64
0x00703850,76
0x007038a0,164
0x00703950,440
0x00703b10,44
0x00703b40,61
0x00703b80,44
0x00703bb0,28
0x00703bd0,17
0x00703c50,66
0x00703ca0,196
0x00703d70,202
0x00703e40,226
0x00703f30,291
0x00704060,1055
0x00704480,118
0x00704500,122
0x00704580,45
0x007045b0,398
0x00704750,84
0x007047b0,66
0x00704800,21
0x00704820,25
0x00704840,55
0x00704880,239
0x00704970,846
0x00704cc0,111
0x00704d30,32
0x00704d50,28
0x00704d70,827
0x007050b0,259
0x007051c0,2336
0x00705ae0,642
0x00705d70,4812
0x00707050,2472
0x00707a00,745
0x00707cf0,896
0x00708070,353
0x007081e0,232
0x007082d0,135
0x00708360,418
0x00708510,945
0x007088d0,316
0x00708a10,89
0x00708a70,120
0x00708af0,89
0x00708b50,249
0x00708c50,473
0x00708e30,478
0x00709010,45
0x00709040,95
0x007090a0,49
0x007090e0,28
0x00709100,49
0x00709140,1679
0x007097d0,275
0x007098f0,129
0x00709980,36
0x007099b0,22
0x007099d0,229
0x00709ac0,40
0x00709af0,37
0x00709b20,81
0x00709b80,81
0x00709be0,258
0x00709cf0,262
0x00709e00,211
0x00709ee0,159
0x00709f80,206
0x0070a050,103
0x0070a0c0,437
0x0070a280,160
0x0070a320,160
0x0070a3c0,139
0x0070a460,222
0x0070a540,222
0x0070a620,579
0x0070a870,92
0x0070a8d0,434
0x0070aa90,27
0x0070aab0,168
0x0070ab60,44
0x0070ab90,196
0x0070ac60,88
0x0070acc0,38
0x0070acf0,37
0x0070ad20,35
0x0070ad50,39
0x0070ad80,70
0x0070add0,82
0x0070ae30,37
0x0070ae60,41
0x0070ae90,68
0x0070aee0,51
0x0070af20,90
0x0070afa0,44
0x0070afd0,163
0x0070b080,95
0x0070b0e0,33
0x0070b110,33
0x0070b140,33
0x0070b170,56
0x0070b1b0,29
0x0070b1d0,29
0x0070b1f0,75
0x0070b240,35
0x0070b270,39
0x0070b2a0,68
0x0070b2f0,35
0x0070b320,35
0x0070b350,36
0x0070b380,43
0x0070b3b0,55
0x0070b3f0,77
0x0070b440,35
0x0070b470,43
0x0070b4a0,29
0x0070b4c0,29
0x0070b4e0,186
0x0070b5a0,95
0x0070b600,145
0x0070b6a0,141
0x0070b730,145
0x0070b7d0,139
0x0070b860,43
0x0070b890,39
0x0070b8c0,39
0x0070b8f0,29
0x0070b910,39
0x0070b940,35
0x0070b970,51
0x0070b9b0,129
0x0070ba40,67
0x0070ba90,98
0x0070bb00,29
0x0070bb20,40
0x0070bb50,40
0x0070bb80,42
0x0070bbb0,42
0x0070bbe0,29
0x0070bc00,40
0x0070bc30,40
0x0070bc60,39
0x0070bc90,58
0x0070bcd0,63
0x0070bd10,42
0x0070bd40,572
0x0070bf80,316
0x0070c0c0,2516
0x0070caa0,3882
0x0070d9d0,201
0x0070daa0,438
0x0070dc60,71
0x0070dcb0,83
0x0070dd10,207
0x0070dde0,237
0x0070ded0,198
0x0070dfa0,59
0x0070dfe0,412
0x0070e180,58
0x0070e1c0,216
0x0070e2a0,52
0x0070e2e0,1804
0x0070e9f0,556
0x0070ec20,44
0x0070ec50,84
0x0070ecb0,51
0x0070ecf0,94
0x0070ed50,2847
0x0070f880,198
0x0070f950,137
0x0070f9e0,41
0x0070fa10,179
0x0070fad0,178
0x0070fb90,335
0x0070fce0,21
0x0070fd00,127
0x0070fd80,60
0x0070fdc0,595
0x00710020,73
0x00710070,278
0x00710190,88
0x007101f0,220
0x007102d0,119
0x00710350,227
0x00710440,265
0x00710550,222
0x00710630,77
0x00710680,49
0x007106c0,76
0x00710710,164
0x007107c0,44
0x007107f0,30
0x00710810,34
0x00710840,34
0x00710870,34
0x007108a0,134
0x00710930,69
0x00710980,38
0x007109b0,94
0x00710a10,23
0x00710a30,61
0x00710a70,38
0x00710aa0,38
0x00710ad0,110
0x00710b40,44
0x00710b70,164
0x00710c20,113
0x00710ca0,98
0x00710d10,164
0x00710dc0,235
0x00710eb0,133
0x00710f40,390
0x007110d0,151
0x00711170,44
0x007111a0,30
0x007111c0,26
0x007111e0,26
0x00711200,36
0x00711230,32
0x00711250,18
0x00711270,50
0x007112b0,26
0x007112d0,26
0x007112f0,88
0x00711360,368
0x007114d0,239
0x007115c0,31
0x007115e0,29
0x00711600,109
0x00711670,29
0x00711690,29
0x007116b0,27
0x007116d0,27
0x007116f0,27
0x00711710,27
0x00711730,27
0x00711750,715
0x00711a30,470
0x00711c20,548
0x00711e60,99
0x00711ed0,83
0x00711f30,150
0x00711fe0,218
0x007120c0,148
0x00712160,345
0x007122c0,153
0x00712360,264
0x00712470,309
0x007125b0,875
0x00712920,71
0x00712970,481
0x00712b60,124
0x00712be0,175
0x00712c90,219
0x00712d70,196
0x00712e50,53
0x00712e90,86
0x00712f30,221
0x00713010,156
0x007130b0,285
0x007131d0,290
0x00713310,132
0x007133a0,2117
0x00713bf0,644
0x00713e80,297
0x00713fb0,843
0x00714300,396
0x007144a0,198
0x00714580,150
0x00714630,989
0x00714a10,276
0x00714b30,292
0x00714c60,370
0x00714de0,321
0x00714f30,243
0x00715030,1706
0x007156e0,37
0x00715710,37
0x00715740,404
0x007158e0,379
0x00715a60,398
0x00715c00,4478
0x00716d80,18
0x00716da0,59
0x00716de0,119
0x00716e60,312
0x00716fa0,44
0x00716fd0,465
0x007171b0,329
0x00717300,680
0x007175b0,124
0x00717630,234
0x00717720,71
0x00717770,171
0x00717820,81
0x00717880,81
0x007178e0,269
0x00717a00,156
0x00717aa0,1157
0x00717f30,251
0x00718030,443
0x007181f0,371
0x00718370,248
0x00718470,263
0x00718580,263
0x00718690,46
0x007186c0,30
0x007186e0,47
0x00718710,75
0x00718760,164
0x00718810,124
0x00718890,197
0x00718960,109
0x007189d0,37
0x00718a00,122
0x00718a80,122
0x00718b00,125
0x00718b80,125
0x00718c00,122
0x00718c80,122
0x00718d00,128
0x00718d80,181
0x00718e40,336
0x00718f90,322
0x007190e0,741
0x007193d0,326
0x00719520,288
0x00719640,254
0x00719740,183
0x00719800,306
0x00719940,135
0x007199d0,97
0x00719a40,97
0x00719ab0,97
0x00719b20,97
0x00719b90,96
0x00719bf0,96
0x00719c50,143
0x00719ce0,96
0x00719d40,269
0x00719e50,222
0x00719f30,633
0x0071a1b0,174
0x0071a260,184
0x0071a320,172
0x0071a3d0,446
0x0071a5a0,198
0x0071a670,562
0x0071a8b0,1010
0x0071acb0,135
0x0071ad40,258
0x0071ae50,44
0x0071aef0,167
0x0071afa0,263
0x0071b0b0,271
0x0071b1d0,267
0x0071b2e0,267
0x0071b3f0,304
0x0071b530,312
0x0071b670,308
0x0071b7b0,251
0x0071b8b0,526
0x0071bad0,534
0x0071bcf0,530
0x0071bf10,530
0x0071c130,75
0x0071c180,410
0x0071c320,167
0x0071c3d0,2991
0x0071cf80,273
0x0071d0a0,445
0x0071d260,76
0x0071d2b0,164
0x0071d360,440
0x0071d520,44
0x0071d550,139
0x0071d5e0,74
0x0071d630,168
0x0071d6e0,332
0x0071d830,109
0x0071d8a0,109
0x0071d910,22
0x0071d930,58
0x0071d970,1387
0x0071dee0,161
0x0071df90,124
0x0071e010,1083
0x0071e450,25
0x0071e470,118
0x0071e4f0,1048
0x0071e910,619
0x0071eb80,76
0x0071ebd0,2040
0x0071f3d0,41
0x0071f400,181
0x0071f4c0,44
0x0071f4f0,479
0x0071f6d0,117
0x0071f750,3990
0x007206f0,55
0x00720730,49
0x00720770,55
0x007207b0,49
0x007207f0,55
0x00720830,49
0x00720870,76
0x007208c0,164
0x00720970,440
0x00720b30,44
0x00720b60,192
0x00720c20,143
0x00720cb0,337
0x00720e10,31
0x00720e30,386
0x00720fc0,533
0x007211e0,228
0x007212d0,122
0x00721350,388
0x007214e0,476
0x007216c0,1249
0x00721bb0,685
0x00721e70,114
0x00721ef0,706
0x007221c0,291
0x007222f0,71
0x00722340,19
0x00722360,54
0x007223a0,90
0x00722400,91
0x00722460,91
0x007224c0,43
0x007224f0,53
0x00722530,161
0x007225e0,112
0x00722650,19
0x00722670,77
0x007226c0,165
0x00722770,163
0x00722820,77
0x00722870,125
0x00722950,44
0x00722980,28
0x007229a0,17
0x007229c0,98
0x00722a30,856
0x00722d90,55
0x00722dd0,116
0x00722e50,110
0x00722ec0,304
0x00722ff0,403
0x00723190,109
0x00723200,22
0x00723220,1533
0x00723820,3921
0x00724780,967
0x00724b50,930
0x00724f00,3984
0x00725e90,311
0x00725fd0,125
0x00726050,125
0x007260d0,362
0x00726240,241
0x00726350,796
0x00726670,287
0x00726790,424
0x00726940,126
0x007269c0,142
0x00726a50,1142
0x00726ed0,54
0x00726f10,44
0x00726f40,31
0x00726f60,17
0x00726f80,17
0x00726fa0,105
0x00727010,44
0x007270a0,76
0x007270f0,76
0x00727140,140
0x007271d0,129
0x00727260,137
0x007272f0,78
0x00727340,78
0x00727390,34
0x007273c0,144
0x00727450,352
0x007275b0,341
0x00727710,537
0x00727930,184
0x007279f0,171
0x00727b10,44
0x00727bb0,58
0x00727bf0,129
0x00727c80,135
0x00727d10,60
0x00727d50,60
0x00727d90,31
0x00727db0,122
0x00727e30,1024
0x00728230,1024
0x00728630,3387
0x00729370,174
0x00729420,158
0x00729520,44
0x007295b0,58
0x007295f0,84
0x00729650,47
0x00729680,30
0x007296a0,55
0x007296e0,39
0x00729710,47
0x00729740,75
0x00729790,843
0x00729ae0,149
0x00729b80,42
0x00729bb0,63
0x00729bf0,64
0x00729c30,178
0x00729d60,324
0x00729eb0,21
0x00729f30,44
0x00729f60,28
0x00729f80,66
0x00729fd0,193
0x0072a0a0,61
0x0072a0e0,44
0x0072a110,28
0x0072a130,3499
0x0072aee0,44
0x0072af10,136
0x0072afa0,126
0x0072b020,595
0x0072b280,127
0x0072b300,208
0x0072b3e0,239
0x0072b4d0,667
0x0072b790,41
0x0072b7c0,98
0x0072b830,378
0x0072b9b0,388
0x0072bb40,405
0x0072bcf0,109
0x0072bd60,295
0x0072be90,177
0x0072bf50,191
0x0072c010,769
0x0072c320,449
0x0072c500,422
0x0072c6c0,217
0x0072c7a0,47
0x0072c7e0,5830
0x0072dee0,59
0x0072df20,59
0x0072df60,55
0x0072dfa0,15
0x0072dfb0,25
0x0072dfd0,35
0x0072e000,35
0x0072e030,1743
0x0072e730,266
0x0072e840,15
0x0072e850,124
0x0072e8d0,235
0x0072e9c0,84
0x0072ea20,79
0x0072ea70,171
0x0072eb20,259
0x0072ec30,21
0x0072ec50,21
0x0072ec70,208
0x0072ed40,41
0x0072ed70,856
0x0072f0d0,27
0x0072f0f0,24
0x0072f110,492
0x0072f300,304
0x0072f430,66
0x0072f480,126
0x0072f500,63
0x0072f540,124
0x0072f5c0,44
0x0072f5f0,78
0x0072f640,180
0x0072f700,91
0x0072f760,152
0x0072f800,44
0x0072f830,88
0x0072f890,34
0x0072f8c0,44
0x0072f8f0,32
0x0072f910,42
0x0072f970,28
0x0072f990,32
0x0072f9b0,32
0x0072f9d0,32
0x0072f9f0,22
0x0072fa60,22
0x0072fa80,57
0x0072fac0,22
0x0072fae0,22
0x0072fb00,28
0x0072fb20,28
0x0072fb40,46
0x0072fb70,22
0x0072fb90,22
0x0072fbb0,22
0x0072fbd0,28
0x0072fbf0,29
0x0072fc10,31
0x0072fc30,28
0x0072fc80,37
0x0072fcb0,22
0x0072fcd0,22
0x0072fcf0,22
0x0072fd10,81
0x0072fd70,32
0x0072fd90,31
0x0072fde0,34
0x0072fe10,22
0x0072fe30,36
0x0072fe60,22
0x0072fe80,31
0x0072fea0,53
0x0072fee0,90
0x0072ff40,283
0x00730060,499
0x00730260,121
0x00730300,374
0x00730480,89
0x007304e0,446
0x007306a0,27
0x007306c0,24
0x007306e0,43
0x00730750,1847
0x00730e90,444
0x00731050,19
0x00731070,326
0x007311c0,216
0x007312a0,218
0x00731390,5570
0x00732960,290
0x00732aa0,202
0x00732b80,77
0x00732be0,77
0x00732c40,433
0x00732e00,253
0x00732f00,50
0x00732f40,50
0x00732f80,260
0x00733090,358
0x00733200,359
0x00733370,70
0x007333c0,376
0x00733540,33
0x00733570,126
0x007335f0,141
0x00733680,117
0x00733700,124
0x00733780,60
0x007337c0,267
0x007338d0,250
0x007339d0,135
0x00733a60,125
0x00733ae0,118
0x00733b60,110
0x00733bd0,101
0x00733c40,101
0x00733cb0,125
0x00733d30,125
0x00733db0,61
0x00733df0,531
0x00734010,31
0x00734030,342
0x00734190,224
0x00734270,380
0x007343f0,270
0x00734500,387
0x00734690,471
0x00734870,393
0x00734a00,378
0x00734b80,471
0x00734d60,501
0x00734f60,81
0x00734fc0,96
0x00735030,526
0x00735240,135
0x007352d0,139
0x00735360,86
0x007353c0,25
0x007353e0,32
0x00735400,57
0x00735440,233
0x00735530,21
0x00735550,81
0x007355b0,255
0x007356b0,311
0x007357f0,72
0x00735840,27
0x00735860,31
0x00735880,70
0x007358d0,648
0x00735b70,226
0x00735c60,465
0x00735e40,520
0x00736050,45
0x00736080,28
0x007360a0,29
0x007360c0,28
0x007360e0,28
0x00736130,125
0x007361b0,78
0x00736200,21
0x00736220,21
0x00736240,125
0x007362c0,87
0x00736320,39
0x00736350,39
0x00736380,7
0x00736390,690
0x00736650,22
0x00736670,95
0x007366d0,3479
0x00737470,196
0x00737540,2071
0x00737d60,636
0x00737fe0,91
0x00738040,98
0x007380b0,5078
0x00739490,189
0x00739550,113
0x007395d0,184
0x00739690,125
0x00739710,95
0x00739770,31
0x00739790,31
0x007397b0,57
0x007397f0,140
0x00739880,95
0x007398e0,32
0x00739900,65
0x00739950,21
0x00739970,21
0x00739990,35
0x007399c0,31
0x007399e0,35
0x00739a10,21
0x00739a30,76
0x00739a80,27
0x00739aa0,29
0x00739ac0,90
0x00739b20,75
0x00739b70,69
0x00739bc0,69
0x00739c10,125
0x00739c90,87
0x00739cf0,21
0x00739d10,21
0x00739d30,43
0x00739d60,62
0x00739da0,181
0x00739e60,184
0x00739f20,240
0x0073a010,57
0x0073a050,99
0x0073a0c0,97
0x0073a130,196
0x0073a200,151
0x0073a2a0,156
0x0073a340,60
0x0073a380,17
0x0073a3a0,17
0x0073a3c0,152
0x0073a460,170
0x0073a510,31
0x0073a530,37
0x0073a560,45
0x0073a590,37
0x0073a5c0,37
0x0073a5f0,674
0x0073a8a0,245
0x0073a9a0,63
0x0073a9e0,72
0x0073aa30,160
0x0073aad0,225
0x0073abc0,166
0x0073ac70,419
0x0073ae20,24
0x0073ae40,42
0x0073aed0,273
0x0073aff0,270
0x0073b100,114
0x0073b180,593
0x0073b3e0,133
0x0073b470,94
0x0073b4d0,149
0x0073b570,165
0x0073b620,128
0x0073b6a0,95
0x0073b700,21
0x0073b720,199
0x0073b7f0,17
0x0073b810,85
0x0073b870,109
0x0073b8e0,98
0x0073b950,299
0x0073ba80,1616
0x0073c0e0,3953
0x0073d060,64
0x0073d0b0,154
0x0073d150,78
0x0073d1a0,151
0x0073d240,93
0x0073d2a0,101
0x0073d310,191
0x0073d3d0,614
0x0073d640,10
0x0073d650,183
0x0073d710,376
0x0073d890,425
0x0073da40,228
0x0073db30,53
0x0073db70,37
0x0073dba0,133
0x0073dc30,231
0x0073dd20,174
0x0073ddd0,41
0x0073de00,24
0x0073de20,58
0x0073de60,24
0x0073de80,21
0x0073dea0,21
0x0073dec0,21
0x0073dee0,63
0x0073df20,19
0x0073df40,629
0x0073e1c0,837
0x0073e510,99
0x0073e580,38
0x0073e5b0,30
0x0073e5d0,730
0x0073e8b0,53
0x0073e8f0,274
0x0073ea10,549
0x0073ec40,306
0x0073ed80,133
0x0073ee10,200
0x0073eee0,80
0x0073ef30,147
0x0073efd0,17
0x0073eff0,88
0x0073f050,22
0x0073f070,28
0x0073f090,28
0x0073f0e0,32
0x0073f100,159
0x0073f1a0,88
0x0073f230,28
0x0073f250,22
0x0073f270,22
0x0073f290,22
0x0073f2b0,31
0x0073f2d0,31
0x0073f2f0,31
0x0073f310,61
0x0073f350,31
0x0073f370,31
0x0073f390,31
0x0073f3b0,28
0x0073f3d0,28
0x0073f3f0,28
0x0073f410,28
0x0073f430,22
0x0073f450,22
0x0073f470,28
0x0073f490,22
0x0073f4b0,28
0x0073f4d0,59
0x0073f510,28
0x0073f530,28
0x0073f550,28
0x0073f570,28
0x0073f590,28
0x0073f5b0,28
0x0073f5d0,28
0x0073f5f0,28
0x0073f610,28
0x0073f630,28
0x0073f650,36
0x0073f680,29
0x0073f6a0,37
0x0073f6d0,28
0x0073f750,28
0x0073f770,28
0x0073f790,28
0x0073f7b0,20
0x0073f7d0,28
0x0073f7f0,28
0x0073f810,31
0x0073f830,28
0x0073f850,22
0x0073f870,22
0x0073f890,29
0x0073f8b0,28
0x0073f8d0,28
0x0073f8f0,22
0x0073f910,28
0x0073f960,22
0x0073f980,22
0x0073f9a0,31
0x0073f9c0,22
0x0073f9e0,68
0x0073fa30,22
0x0073fa50,28
0x0073fa70,28
0x0073fa90,28
0x0073fad0,44
0x0073fb00,22
0x0073fb20,22
0x0073fb40,22
0x0073fb60,36
0x0073fb90,31
0x0073fbb0,31
0x0073fbd0,30
0x0073fbf0,31
0x0073fc10,31
0x0073fc30,97
0x0073fca0,31
0x0073fcc0,31
0x0073fce0,22
0x0073fd00,27
0x0073fd20,32
0x0073fd70,22
0x0073fd90,22
0x0073fdb0,28
0x0073fdd0,36
0x0073fe00,22
0x0073fe20,22
0x0073fe40,32
0x0073fe60,22
0x0073fe80,28
0x0073fea0,31
0x0073fec0,28
0x0073fee0,32
0x0073ff00,31
0x0073ff80,32
0x0073ffa0,22
0x0073ffc0,28
0x0073ffe0,22
0x00740000,31
0x00740020,31
0x00740040,36
0x00740070,33
0x007400a0,42
0x007400d0,22
0x007400f0,22
0x00740110,67
0x00740160,22
0x00740180,28
0x007401a0,22
0x007401c0,38
0x007401f0,32
0x00740210,33
0x00740240,22
0x00740290,22
0x007402b0,22
0x007402d0,22
0x007402f0,22
0x00740310,22
0x00740330,22
0x00740350,37
0x00740380,32
0x007403a0,22
0x007403c0,28
0x007403e0,31
0x00740400,28
0x00740420,28
0x00740470,36
0x007404a0,36
0x007404d0,36
0x00740500,49
0x00740540,28
0x00740560,53
0x007405a0,42
0x007405d0,32
0x007405f0,36
0x00740620,31
0x00740640,32
0x00740660,31
0x00740680,36
0x007406b0,28
0x007406d0,44
0x00740730,49
0x00740770,36
0x007407a0,31
0x007407c0,60
0x00740800,28
0x00740820,28
0x00740840,22
0x00740860,31
0x00740880,28
0x007408a0,22
0x007408c0,37
0x007408f0,53
0x00740930,33
0x00740960,26
0x00740980,28
0x007409a0,28
0x007409c0,22
0x007409e0,31
0x00740a00,22
0x00740a20,41
0x00740a50,28
0x00740a70,37
0x00740aa0,22
0x00740ac0,124
0x00740b40,22
0x00740b60,28
0x00740b80,37
0x00740bb0,36
0x00740be0,31
0x00740c00,36
0x00740c30,39
0x00740c60,37
0x00740c90,35
0x00740cc0,32
0x00740ce0,36
0x00740d10,31
0x00740d30,36
0x00740d60,38
0x00740d90,41
0x00740dc0,33
0x00740df0,49
0x00740e30,32
0x00740e50,39
0x00740e80,57
0x00740ec0,29
0x00740ee0,22
0x00740f00,22
0x00740f20,28
0x00740f40,29
0x00740f60,22
0x00740f80,28
0x00740fa0,28
0x00740fc0,31
0x00740fe0,36
0x00741010,32
0x00741030,32
0x00741050,22
0x00741070,31
0x00741090,22
0x007410b0,36
0x007410e0,214
0x007411c0,106
0x00741230,28
0x00741250,22
0x00741270,22
0x00741290,108
0x00741300,53
0x00741340,31
0x00741360,44
0x00741390,68
0x007413e0,44
0x00741410,7
0x00741420,171
0x007414d0,184
0x00741590,204
0x00741660,288
0x00741780,78
0x007417d0,203
0x007418a0,159
0x00741940,2024
0x00742150,465
0x00742330,21
0x007423d0,529
0x007425f0,337
0x00742750,678
0x00742a00,1990
0x007431d0,173
0x00743280,291
0x007433b0,388
0x00743540,782
0x00743850,2570
0x00744260,420
0x00744410,436
0x007445d0,1017
0x007449f0,198
0x00744ac0,89
0x00744b20,25
0x00744b40,77
0x00744b90,133
0x00744c20,731
0x00744f00,468
0x007450e0,1148
0x00745560,519
0x00745770,99
0x007457e0,813
0x00745b30,352
0x00745cc0,121
0x00745d40,70
0x00745d90,194
0x00745e60,1955
0x00746630,61
0x00746670,271
0x00746780,61
0x007467c0,279
0x007468e0,109
0x00746950,80
0x007469a0,78
0x007469f0,1310
0x00746f40,122
0x00746fc0,79
0x00747010,116
0x00747090,151
0x00747130,185
0x00747210,13027
0x0074a500,279
0x0074a620,44
0x0074a650,211
0x0074a730,19
0x0074a750,44
0x0074a780,389
0x0074a910,254
0x0074aa10,122
0x0074aa90,44
0x0074aac0,334
0x0074ac10,22
0x0074acb0,84
0x0074ad10,114
0x0074ad90,1551
0x0074b3a0,68
0x0074b3f0,3874
0x0074c320,2402
0x0074cc90,613
0x0074cf00,162
0x0074cfb0,48
0x0074cfe0,1102
0x0074d430,235
0x0074d520,927
0x0074d8c0,38
0x0074d8f0,61
0x0074d930,203
0x0074da00,52
0x0074da40,535
0x0074dc80,1071
0x0074e0b0,1667
0x0074e7f0,286
0x0074e910,684
0x0074ebc0,70
0x0074ec10,627
0x0074ee90,2732
0x0074f940,137
0x0074f9d0,120
0x0074fa50,205
0x0074fb20,3146
0x00750790,1144
0x00750c10,577
0x00750e60,43
0x00750e90,144
0x00750f30,384
0x007510b0,138
0x00751140,110
0x007511b0,119
0x00751230,842
0x00751580,294
0x007516b0,84
0x00751710,62
0x00751750,833
0x00751ab0,65
0x00751b00,228
0x00751bf0,54
0x00751c30,170
0x00751ce0,170
0x00751d90,167
0x00751e40,167
0x00751ef0,172
0x00751fa0,59
0x00751fe0,99
0x00752050,614
0x007522c0,63
0x00752300,46
0x00752330,38
0x00752360,75
0x007523b0,38
0x007523e0,112
0x00752450,371
0x007525d0,387
0x00752760,1699
0x00752e10,139
0x00752ea0,170
0x00752f50,192
0x00753010,33
0x00753040,599
0x007532a0,94
0x00753300,890
0x00753680,151
0x00753720,81
0x00753780,195
0x00753850,1007
0x00753c40,134
0x00753cd0,134
0x00753d60,3012
0x00754930,21
0x00754950,989
0x00754db0,55
0x00754df0,44
0x00754e20,37
0x00754e50,63
0x00754e90,64
0x00754ed0,5288
0x00756380,46
0x007563b0,1192
0x00756860,68
0x007568b0,57
0x007568f0,57
0x00756930,576
0x00756b70,3802
0x00757a50,43
0x00757a80,43
0x00757ab0,43
0x00757ae0,43
0x00757b10,43
0x00757b40,43
0x00757b70,43
0x00757ba0,43
0x00757bd0,109
0x00757c40,3351
0x00758960,101
0x007589d0,44
0x00758a00,109
0x00758a70,960
0x00758e30,1197
0x007592f0,1319
0x00759820,1262
0x00759d20,231
0x00759e20,770
0x0075a1f0,188
0x0075a2b0,86
0x0075a310,397
0x0075a4a0,394
0x0075a630,397
0x0075a7c0,1660
0x0075ae40,1051
0x0075b260,263
0x0075b370,1389
0x0075b8e0,438
0x0075baa0,83
0x0075bb00,68
0x0075bb50,132
0x0075bbe0,153
0x0075bc80,196
0x0075bd50,132
0x0075bde0,55
0x0075be20,31
0x0075be40,31
0x0075be60,99
0x0075bed0,143
0x0075bf60,278
0x0075c080,2473
0x0075ca30,40
0x0075ca60,505
0x0075cc60,347
0x0075cdc0,41
0x0075cdf0,66
0x0075ce40,49
0x0075ce80,49
0x0075cec0,2343
0x0075d7f0,46
0x0075d820,292
0x0075d950,230
0x0075da50,284
0x0075db70,353
0x0075dd10,6282
0x0075f610,22
0x0075f630,732
0x0075f910,323
0x0075fa60,96
0x0075fac0,57
0x0075fb00,57
0x0075fb40,49
0x0075fb80,49
0x0075fbc0,109
0x0075fc30,367
0x0075fda0,199
0x0075fe70,46
0x0075fea0,140
0x0075ff30,31
0x0075ff50,247
0x00760050,276
0x00760170,148
0x00760210,724
0x007604f0,46
0x00760520,194
0x007605f0,245
0x007606f0,34
0x00760720,233
0x00760810,102
0x007608a0,119
0x00760920,375
0x00760aa0,579
0x00760cf0,238
0x00760e20,126
0x00760ea0,126
0x00760f20,31
0x00760f40,725
0x00761280,42
0x007612b0,692
0x00761570,137
0x00761600,274
0x00761720,31
0x00761740,136
0x007617d0,154
0x00761870,223
0x00761950,97
0x007619c0,266
0x00761ad0,299
0x00761c00,189
0x00761cc0,202
0x00761d90,1607
0x00762251,330
0x007625b1,193
0x007627e0,182
0x007628a0,44
0x007628d0,190
0x00762990,93
0x007629f0,103
0x00762a59,9
0x00762a62,50
0x00762aa1,25
0x00762ac0,113
0x00762b40,145
0x00762bd3,9
0x00762bdc,50
0x00762c1b,63
0x00762c60,147
0x00762d00,374
0x00762ea0,24
0x00762ec0,24
0x00762ee0,22
0x00762f00,71
0x00762f50,105
0x00762fc0,105
0x00763030,105
0x007630a0,105
0x00763110,70
0x00763160,105
0x007631d0,1537
0x007637e0,2074
0x00764000,762
0x00764320,255
0x00764420,279
0x00764540,137
0x007645d0,22
0x007645f0,2405
0x00764f60,22
0x00764f80,44
0x00764fe0,17
0x00765000,82
0x00765060,86
0x007650c0,68
0x00765110,61
0x00765150,37
0x00765180,44
0x007651b0,1931
0x00765940,352
0x00765aa0,836
0x00765df0,147
0x00765e90,1477
0x00766460,47
0x00766490,31
0x007664b0,3620
0x007672f0,243
0x007673f0,446
0x007675b0,592
0x00767800,237
0x007678f0,248
0x007679f0,141
0x00767a80,152
0x00767b20,1337
0x00768060,59
0x007680a0,516
0x007682b0,397
0x00768440,429
0x007685f0,24
0x00768610,3515
0x007693d0,80
0x00769420,497
0x00769620,179
0x007696e0,158
0x00769780,1866
0x00769ed0,20
0x00769ef0,55
0x00769f30,38
0x00769f60,2654
0x0076a9f0,979
0x0076adf0,96
0x0076ae50,126
0x0076aed0,7678
0x0076cce0,779
0x0076cff0,365
0x0076d160,48
0x0076d190,108
0x0076d200,741
0x0076d4f0,149
0x0076d590,742
0x0076d890,332
0x0076d9e0,1013
0x0076dde0,363
0x0076df50,470
0x0076e130,1234
0x0076e610,429
0x0076e8a0,473
0x0076eb20,473
0x0076eda0,365
0x0076ef70,107
0x0076efe0,120
0x0076f070,472
0x0076f250,162
0x0076f300,1395
0x0076f940,441
0x0076fb50,647
0x0076fe00,254
0x0076ff00,91
0x0076ff60,732
0x007702c0,73
0x00770310,2873
0x00770e60,219
0x00770f40,90
0x00770fa0,41
0x00770fd0,114
0x00771050,89
0x007710b0,313
0x007711f0,2896
0x00771d40,559
0x00771f70,162
0x00772020,2270
0x00772900,3158
0x00773560,358
0x007736d0,265
0x007737e0,116
0x00773860,116
0x007738e0,34
0x00773910,38
0x00773940,38
0x00773970,157
0x00773a10,81
0x00773a70,57
0x00773ab0,57
0x00773af0,163
0x00773ba0,66
0x00773bf0,1448
0x007741a0,92
0x00774200,93
0x00774260,458
0x00774440,19
0x00774460,221
0x00774540,221
0x00774620,421
0x007747d0,124
0x00774850,174
0x00774900,261
0x00774a10,50
0x00774a50,42
0x00774a80,183
0x00774b40,120
0x00774bc0,2262
0x007754a0,33
0x007754d0,66
0x00775520,100
0x00775590,98
0x00775600,99
0x00775670,76
0x007756c0,57
0x00775700,82
0x00775760,128
0x007757e0,123
0x00775860,203
0x00775930,25
0x00775950,25
0x00775970,25
0x00775990,25
0x007759b0,188
0x00775a80,26
0x00775aa0,4873
0x00776db0,84
0x00776e10,37
0x00776e40,126
0x00776ec0,25
0x00776ee0,121
0x00776f60,114
0x00776fe0,2499
0x007779b0,1144
0x00777e30,1394
0x007783b0,342
0x00778510,706
0x007787e0,284
0x00778900,55
0x00778940,600
0x00778ba0,1526
0x007791a0,830
0x007794e0,45
0x00779510,831
0x00779850,1441
0x00779e00,557
0x0077a030,578
0x0077a280,474
0x0077a470,26
0x0077a490,26
0x0077a4b0,26
0x0077a4d0,26
0x0077a4f0,1262
0x0077a9e0,1206
0x0077aeb0,356
0x0077b020,148
0x0077b0c0,113
0x0077b140,65
0x0077b190,1119
0x0077b600,44
0x0077b630,62
0x0077b670,1291
0x0077bb90,339
0x0077bcf0,1209
0x0077c1b0,398
0x0077c340,458
0x0077c510,387
0x0077c6a0,107
0x0077c710,107
0x0077c780,1271
0x0077cc80,117
0x0077cd00,203
0x0077cdd0,45
0x0077ce00,358
0x0077cf70,418
0x0077d120,287
0x0077d270,155
0x0077d310,124
0x0077d390,1101
0x0077d800,53
0x0077d840,75
0x0077d890,417
0x0077da50,179
0x0077db10,140
0x0077dba0,1005
0x0077df90,302
0x0077e0c0,302
0x0077e1f0,371
0x0077e370,708
0x0077e650,129
0x0077e6f0,630
0x0077e970,491
0x0077eb60,176
0x0077ec20,1333
0x0077f160,210
0x0077f240,827
0x0077f580,121
0x0077f600,91
0x0077f660,85
0x0077f6c0,819
0x0077fa00,191
0x0077fac0,77
0x0077fb10,111
0x0077fc10,201
0x0077fce0,59
0x0077fd20,110
0x0077fd90,188
0x0077fe50,501
0x00780050,275
0x00780170,47
0x007801a0,368
0x00780320,313
0x00780460,3132
0x007810a0,767
0x007813a0,481
0x00781590,629
0x00781810,46
0x00781840,407
0x007819e0,511
0x00781be0,8599
0x00783d80,49
0x00783dc0,284
0x00783ee0,1341
0x00784420,29
0x00784440,49
0x00784480,180
0x00784540,109
0x007845b0,203
0x00784680,183
0x00784740,2280
0x00785030,132
0x007850c0,98
0x00785130,146
0x007851d0,86
0x00785230,132
0x007852c0,98
0x00785330,45
0x00785360,19
0x00785380,132
0x00785410,520
0x00785620,57
0x00785660,57
0x007856a0,28
0x007856c0,522
0x007858d0,635
0x00785b50,586
0x00785da0,66
0x00785df0,12175
0x00788d90,5620
0x0078a390,142
0x0078a420,522
0x0078a630,360
0x0078a7a0,1172
0x0078ac40,3811
0x0078bb30,138
0x0078bbc0,129
0x0078bc50,111
0x0078bcc0,93
0x0078bd20,93
0x0078bd80,102
0x0078bdf0,102
0x0078be60,102
0x0078bed0,102
0x0078bf40,102
0x0078bfb0,102
0x0078c020,102
0x0078c090,102
0x0078c100,102
0x0078c170,385
0x0078c300,48
0x0078c330,22
0x0078c350,2883
0x0078cea0,57
0x0078cee0,101
0x0078cf50,53
0x0078cf90,16
0x0078cfa0,322
0x0078d100,141
0x0078d190,132
0x0078d220,91
0x0078d280,1020
0x0078d6a0,1345
0x0078dbf0,839
0x0078df40,208
0x0078e010,38
0x0078e040,166
0x0078e0f0,339
0x0078e250,109
0x0078e2c0,137
0x0078e350,450
0x0078e520,115
0x0078e5a0,117
0x0078e620,441
0x0078e7e0,130
0x0078e870,118
0x0078e8f0,352
0x0078ea50,123
0x0078ead0,168
0x0078eb80,18
0x0078eba0,1424
0x0078f160,30173
0x00796b50,70
0x00796ba0,508
0x00796da0,94
0x00796e00,915
0x007971a0,3037
0x00797d90,84
0x00797df0,199
0x00797ec0,99
0x00797f30,355
0x007980a0,185
0x00798160,35
0x00798190,590
0x007983e0,346
0x00798540,63
0x00798580,44
0x007985b0,32
0x007985d0,133
0x00798660,55
0x007986a0,379
0x00798820,848
0x00798b70,34
0x00798ba0,89
0x00798c00,41
0x00798c30,155
0x00798cd0,158
0x00798d70,5780
0x0079a4c0,4628
0x0079b6e0,18
0x0079b700,1336
0x0079bc40,125
0x0079bcc0,376
0x0079be40,184
0x0079bf00,56
0x0079bf40,275
0x0079c060,126
0x0079c0e0,325
0x0079c230,38
0x0079c260,335
0x0079c3b0,61
0x0079c3f0,231
0x0079c4e0,109
0x0079c550,88
0x0079c5b0,1033
0x0079c9c0,203
0x0079ca90,130
0x0079cb20,560
0x0079cd60,478
0x0079cf40,43
0x0079cf70,50
0x0079cfb0,178
0x0079d070,442
0x0079d230,436
0x0079d3f0,239
0x0079d4e0,105
0x0079d550,394
0x0079d6e0,133
0x0079d770,200
0x0079d840,1556
0x0079de60,916
0x0079e210,528
0x0079e420,296
0x0079e550,1036
0x0079e960,54
0x0079e9a0,48
0x0079e9d0,114
0x0079ea50,780
0x0079ed60,676
0x0079f010,1041
0x0079f430,642
0x0079f6c0,39
0x0079f6f0,114
0x0079f770,715
0x0079fa50,487
0x0079fc40,2120
0x007a0490,100
0x007a0500,41
0x007a0530,70
0x007a0580,166
0x007a0630,126
0x007a06b0,148
0x007a0750,220
0x007a0830,37
0x007a0860,472
0x007a0a40,1229
0x007a0f10,53
0x007a0f50,91
0x007a0fb0,309
0x007a10f0,30
0x007a1110,22
0x007a1130,397
0x007a12c0,24
0x007a12e0,83
0x007a1340,58
0x007a1380,115
0x007a1400,143
0x007a1490,37
0x007a14c0,201
0x007a1590,250
0x007a1690,144
0x007a1720,32
0x007a1740,64
0x007a1780,32
0x007a17a0,113
0x007a1820,63
0x007a1860,83
0x007a18c0,63
0x007a1900,64
0x007a1940,95
0x007a19a0,63
0x007a19e0,251
0x007a1ae0,173
0x007a1bf0,166
0x007a1ca0,331
0x007a1df0,352
0x007a1f50,189
0x007a2010,44
0x007a2040,197
0x007a2110,178
0x007a21d0,153
0x007a2270,194
0x007a2340,25
0x007a2360,22
0x007a2380,21
0x007a23a0,368
0x007a2510,36
0x007a2540,36
0x007a2570,28
0x007a2590,1741
0x007a2c60,19
0x007a2c80,44
0x007a2cb0,767
0x007a2fb0,12148
0x007a5fa0,1972
0x007a6760,4670
0x007a79a0,68
0x007a79f0,100
0x007a7a60,85
0x007a7ac0,306
0x007a7c00,92
0x007a7c60,1684
0x007a8300,103
0x007a8370,239
0x007a8460,191
0x007a8520,127
0x007a85a0,264
0x007a86b0,18
0x007a86d0,3053
0x007a92c0,157
0x007a9360,153
0x007a9400,288
0x007a9520,278
0x007a9640,31
0x007a9660,133
0x007a96f0,137
0x007a9780,114
0x007a9800,38
0x007a9830,36
0x007a9860,104
0x007a98d0,116
0x007a9950,64
0x007a9990,1453
0x007a9f40,918
0x007aa2e0,246
0x007aa3e0,117
0x007aa460,804
0x007aa7a0,78
0x007aa7f0,279
0x007aa910,43
0x007aa940,497
0x007aab40,66
0x007aab90,49
0x007aabd0,266
0x007aace0,52
0x007aad20,213
0x007aae00,118
0x007aae80,25
0x007aaea0,24
0x007aaec0,372
0x007ab040,113
0x007ab0c0,11
0x007ab0d0,379
0x007ab250,49
0x007ab290,174
0x007ab340,19
0x007ab360,19
0x007ab380,19
0x007ab3a0,19
0x007ab3c0,19
0x007ab3e0,19
0x007ab400,19
0x007ab420,19
0x007ab440,365
0x007ab5d0,19
0x007ab5f0,19
0x007ab610,19
0x007ab630,19
0x007ab650,19
0x007ab670,19
0x007ab690,96
0x007ab6f0,94
0x007ab750,49
0x007ab790,107
0x007ab800,108
0x007ab870,97
0x007ab8e0,183
0x007ab9a0,195
0x007aba70,31
0x007aba90,132
0x007abb20,214
0x007abc00,164
0x007abcb0,164
0x007abd60,164
0x007abe10,164
0x007abec0,76
0x007abf10,275
0x007ac030,94
0x007ac090,334
0x007ac1e0,372
0x007ac360,54
0x007ac3a0,197
0x007ac470,15798
0x007b0290,2942
0x007b0e10,123
0x007b0e90,1065
0x007b12c0,7087
0x007b3050,774
0x007b3370,24
0x007b3390,24
0x007b33b0,49
0x007b33f0,170
0x007b34a0,184
0x007b3560,283
0x007b3680,384
0x007b3810,32
0x007b3830,32
0x007b3850,28
0x007b3870,86
0x007b38d0,92
0x007b3930,197
0x007b3a00,667
0x007b3ca0,568
0x007b3ee0,448
0x007b40f0,6909
0x007b5c10,166
0x007b5cc0,101
0x007b5d30,287
0x007b5e50,64
0x007b5e90,83
0x007b5ef0,93
0x007b5f50,10583
0x007b88b0,11697
0x007bb6d0,144
0x007bb760,556
0x007bb990,318
0x007bbad0,141
0x007bbb60,152
0x007bbc00,227
0x007bbcf0,119
0x007bbd70,74
0x007bbdc0,103
0x007bbe30,39
0x007bbe60,71
0x007bbeb0,29
0x007bbed0,18
0x007bbef0,65
0x007bbf40,42
0x007bbf70,18
0x007bbf90,85
0x007bbff0,50
0x007bc030,47
0x007bc070,53
0x007bc0b0,47
0x007bc0f0,53
0x007bc130,47
0x007bc170,53
0x007bc1b0,116
0x007bc230,43
0x007bc260,43
0x007bc290,43
0x007bc2c0,35
0x007bc2f0,52
0x007bc330,448
0x007bc4f0,34
0x007bc520,53
0x007bc560,51
0x007bc5a0,90
0x007bc600,293
0x007bc730,46
0x007bc760,140
0x007bc7f0,248
0x007bc8f0,364
0x007bca60,73
0x007bcab0,499
0x007bccb0,82
0x007bcd10,231
0x007bce00,3333
0x007bdb10,173
0x007bdbc0,702
0x007bde80,515
0x007be090,282
0x007be1b0,288
0x007be2d0,226
0x007be3c0,254
0x007be4c0,5472
0x007bfa20,41
0x007bfa50,192
0x007bfb10,428
0x007bfcc0,501
0x007bfec0,99
0x007bff30,249
0x007c0030,89
0x007c0090,124
0x007c0110,247
0x007c0210,124
0x007c0290,1107
0x007c06f0,1400
0x007c0c70,583
0x007c0ec0,9401
0x007c3ee0,100
0x007c3f50,261
0x007c4060,93
0x007c40c0,304
0x007c41f0,8198
0x007c6200,803
0x007c6530,113
0x007c65b0,182
0x007c6670,934
0x007c6a20,1539
0x007c7030,2831
0x007c7b40,473
0x007c7d20,20
0x007c7d40,20
0x007c7d60,1569
0x007c8390,321
0x007c84e0,3826
0x007c93e0,373
0x007c9560,750
0x007c9850,996
0x007c9c40,411
0x007c9df0,622
0x007ca060,462
0x007ca230,389
0x007ca3c0,389
0x007ca550,389
0x007ca6e0,74
0x007ca730,494
0x007ca920,239
0x007caa10,71
0x007caa60,149
0x007cab00,87
0x007cab60,164
0x007cac10,147
0x007cacb0,117
0x007cad30,126
0x007cadb0,174
0x007cae60,423
0x007cb010,423
0x007cb1c0,45
0x007cb1f0,45
0x007cb220,45
0x007cb250,242
0x007cb350,159
0x007cb3f0,167
0x007cb4a0,149
0x007cb540,149
0x007cb5e0,190
0x007cb6a0,55
0x007cb6e0,55
0x007cb720,44
0x007cb750,43
0x007cb780,64
0x007cb7c0,349
0x007cb920,538
0x007cbb40,170
0x007cbbf0,69
0x007cbc40,44
0x007cbc70,60
0x007cbcb0,40
0x007cbce0,203
0x007cbdb0,352
0x007cbf30,47
0x007cbf60,1476
0x007cc530,138
0x007cc5c0,970
0x007cc9a0,352
0x007ccb00,568
0x007ccd40,490
0x007ccf30,258
0x007cd040,103
0x007cd0b0,22
0x007cd0d0,22
0x007cd0f0,977
0x007cd4d0,62
0x007cd510,578
0x007cd760,127
0x007cd7e0,701
0x007cdaa0,311
0x007cdbe0,217
0x007cdcc0,217
0x007cdda0,354
0x007cdf10,217
0x007cdff0,982
0x007ce3e0,814
0x007ce710,47
0x007ce740,53
0x007ce780,489
0x007ce970,281
0x007cea90,84
0x007ceaf0,90
0x007ceb50,39
0x007ceb80,215
0x007cec60,486
0x007cee50,37
0x007cee80,58
0x007ceec0,37
0x007ceef0,627
0x007cf210,84
0x007cf270,318
0x007cf3b0,117
0x007cf430,51
0x007cf470,54
0x007cf4b0,44
0x007cf4e0,235
0x007cf5d0,306
0x007cf710,112
0x007cf780,354
0x007cf8f0,112
0x007cf960,117
0x007cf9e0,48
0x007cfa10,90
0x007cfa70,154
0x007cfb10,220
0x007cfbf0,164
0x007cfca0,1287
0x007d01b0,109
0x007d0220,142
0x007d02b0,25
0x007d02d0,31
0x007d02f0,229
0x007d03e0,129
0x007d0470,113
0x007d04f0,50
0x007d0530,43
0x007d0560,49
0x007d05a0,120
0x007d0620,306
0x007d0760,865
0x007d0af0,75
0x007d0b40,72
0x007d0b90,153
0x007d0c30,49
0x007d0c70,226
0x007d0d60,38
0x007d0d90,301
0x007d0ec0,142
0x007d0f50,1503
0x007d1530,1024
0x007d1940,842
0x007d1c90,116
0x007d1d10,373
0x007d1e90,217
0x007d1f70,28
0x007d1f90,71
0x007d1fe0,71
0x007d2030,196
0x007d2100,160
0x007d21a0,51
0x007d21e0,52
0x007d2220,45
0x007d2250,45
0x007d2280,81
0x007d22e0,63
0x007d2320,64
0x007d2360,117
0x007d23e0,1637
0x007d2a50,46
0x007d2a80,306
0x007d2bc0,262
0x007d2cf0,57
0x007d2d30,178
0x007d2df0,178
0x007d2eb0,178
0x007d2f70,180
0x007d3030,36
0x007d3060,333
0x007d31b0,32
0x007d31d0,1021
0x007d35d0,44
0x007d3600,322
0x007d3750,1082
0x007d3bb0,413
0x007d3d80,60
0x007d3dc0,116
0x007d3e40,120
0x007d3ec0,122
0x007d3f40,148
0x007d3fe0,122
0x007d4060,122
0x007d40e0,110
0x007d4150,65
0x007d41a0,36
0x007d41d0,649
0x007d4460,333
0x007d45b0,110
0x007d4620,3078
0x007d5230,116
0x007d52b0,46
0x007d52e0,671
0x007d5580,884
0x007d5920,36
0x007d5950,180
0x007d5a10,106
0x007d5a80,65
0x007d5ad0,65
0x007d5b20,182
0x007d5be0,111
0x007d5c50,98
0x007d5cc0,132
0x007d5d50,305
0x007d5e90,406
0x007d6030,316
0x007d6170,3880
0x007d70a0,46
0x007d70d0,441
0x007d7290,823
0x007d75f0,177
0x007d76b0,36
0x007d76e0,65
0x007d7730,84
0x007d7790,94
0x007d77f0,563
0x007d7a30,247
0x007d7b30,263
0x007d7c40,490
0x007d7e50,57
0x007d7e90,121
0x007d7f10,89
0x007d7f70,364
0x007d8110,67
0x007d8160,37
0x007d8190,895
0x007d8510,43
0x007d8540,2478
0x007d8ef0,46
0x007d8f20,194
0x007d8ff0,645
0x007d9280,1407
0x007d9800,2959
0x007da390,46
0x007da3c0,662
0x007da660,280
0x007da7b0,343
0x007da910,89
0x007da970,65
0x007da9c0,333
0x007dab10,222
0x007dabf0,178
0x007dacb0,2007
0x007db490,46
0x007db4c0,438
0x007db680,854
0x007dba10,129
0x007dbaa0,97
0x007dbb10,146
0x007dbbb0,419
0x007dbd60,124
0x007dbde0,78
0x007dbe30,333
0x007dbf80,197
0x007dc050,151
0x007dc0f0,93
0x007dc150,43
0x007dc180,286
0x007dc2a0,192
0x007dc360,163
0x007dc410,1719
0x007dcad0,46
0x007dcb00,454
0x007dccd0,413
0x007dcea0,19
0x007dcec0,363
0x007dd030,26
0x007dd050,65
0x007dd0a0,319
0x007dd1f0,149
0x007dd290,123
0x007dd310,108
0x007dd380,1480
0x007dd950,28
0x007dd970,16
0x007dd980,44
0x007dd9b0,19
0x007dd9d0,16
0x007dd9e0,44
0x007dda10,1393
0x007de000,272
0x007de110,231
0x007de200,1337
0x007de740,169
0x007de7f0,534
0x007dea10,4449
0x007dfb80,3347
0x007e08a0,1115
0x007e0d00,576
0x007e0f40,1554
0x007e1560,195
0x007e1630,24
0x007e1650,186
0x007e1710,1207
0x007e1bd0,68
0x007e1c20,125
0x007e1ca0,995
0x007e2090,748
0x007e2380,299
0x007e24b0,24
0x007e24d0,422
0x007e2680,16
0x007e2690,44
0x007e26c0,413
0x007e2860,436
0x007e2a20,121
0x007e2aa0,1251
0x007e2f90,263
0x007e30a0,16
0x007e30b0,44
0x007e30e0,95
0x007e3140,181
0x007e3200,2117
0x007e3a50,447
0x007e3c10,93
0x007e3c70,16
0x007e3c80,53
0x007e3cc0,385
0x007e3e50,4805
0x007e5120,91
0x007e5180,1155
0x007e5610,285
0x007e5730,1281
0x007e5c40,81
0x007e5ca0,213
0x007e5d80,21
0x007e5da0,78
0x007e5df0,2168
0x007e6670,172
0x007e6720,564
0x007e6960,629
0x007e6be0,89
0x007e6c40,61
0x007e6c80,83
0x007e6ce0,3101
0x007e7900,1133
0x007e7d70,302
0x007e7ea0,1186
0x007e8350,737
0x007e8640,190
0x007e8720,262
0x007e8830,110
0x007e88a0,92
0x007e8900,111
0x007e8970,110
0x007e89e0,129
0x007e8a70,4688
0x007e9cc0,3650
0x007eab10,267
0x007eac20,267
0x007ead30,141
0x007eadc0,651
0x007eb050,777
0x007eb360,255
0x007eb460,342
0x007eb5c0,6265
0x007ece40,124
0x007ecec0,51
0x007ecf00,147
0x007ecfa0,170
0x007ed050,962
0x007ed420,47
0x007ed450,37
0x007ed480,39
0x007ed4b0,21
0x007ed560,33
0x007ed590,33
0x007ed5c0,44
0x007ed5f0,475
0x007ed7d0,18
0x007ed7f0,61
0x007ed830,17
0x007ed850,50
0x007ed890,62
0x007ed8d0,57
0x007ed910,50
0x007ed950,42
0x007ed980,18
0x007ed9a0,5434
0x007eeee0,163
0x007eef90,682
0x007ef240,116
0x007ef2c0,132
0x007ef350,129
0x007ef3e0,129
0x007ef470,129
0x007ef500,197
0x007ef5d0,207
0x007ef6a0,131
0x007ef730,68
0x007ef780,104
0x007ef7f0,129
0x007ef880,129
0x007ef910,129
0x007ef9a0,273
0x007efac0,372
0x007efc40,1124
0x007f00b0,518
0x007f02c0,53
0x007f0300,61
0x007f0340,50
0x007f0380,42
0x007f03b0,60
0x007f03f0,373
0x007f0570,376
0x007f06f0,46
0x007f0750,50
0x007f0790,399
0x007f0920,195
0x007f09f0,83
0x007f0a50,121
0x007f0ad0,128
0x007f0b50,324
0x007f0ca0,709
0x007f0f70,194
0x007f1040,101
0x007f10b0,183
0x007f1170,327
0x007f12d0,896
0x007f1650,624
0x007f18c0,616
0x007f1b30,68
0x007f1b80,125
0x007f1c00,349
0x007f1d60,126
0x007f1de0,111
0x007f1e50,111
0x007f1ec0,78
0x007f1f10,152
0x007f1fb0,162
0x007f2060,206
0x007f2130,199
0x007f2200,44
0x007f2230,44
0x007f2260,30
0x007f2280,245
0x007f2380,105
0x007f23f0,88
0x007f2450,58
0x007f24c0,54
0x007f2500,54
0x007f2540,208
0x007f2610,25
0x007f2630,24
0x007f26b0,593
0x007f2910,235
0x007f2a00,73
0x007f2a50,54
0x007f2a90,21
0x007f2ab0,934
0x007f2e60,44
0x007f2e90,22
0x007f2eb0,396
0x007f3040,1535
0x007f3640,297
0x007f3770,1196
0x007f3c20,76
0x007f3c70,356
0x007f3de0,177
0x007f3ea0,885
0x007f4220,643
0x007f44b0,159
0x007f4550,188
0x007f4610,1533
0x007f4c30,119
0x007f4cb0,1290
0x007f51c0,2101
0x007f5a00,263
0x007f5b20,1283
0x007f6030,373
0x007f61b0,1326
0x007f66e0,163
0x007f6790,88
0x007f67f0,1095
0x007f6c40,84
0x007f6ca0,298
0x007f6dd0,474
0x007f6fb0,303
0x007f70e0,309
0x007f7220,2054
0x007f7a30,7007
0x007f9590,69
0x007f95e0,5171
0x007faa20,99
0x007faa90,65
0x007faae0,841
0x007fae30,44
0x007fae60,3126
0x007fbaa0,44
0x007fbad0,519
0x007fbce0,164
0x007fbd90,1041
0x007fc290,184
0x007fc350,60
0x007fc390,986
0x007fc770,31
0x007fc790,228
0x007fc880,1005
0x007fcc70,21
0x007fcc90,21
0x007fccb0,134
0x007fcd40,130
0x007fcdd0,159
0x007fce80,53
0x007fcec0,53
0x007fcf00,128
0x007fcf90,532
0x007fd1b0,44
0x007fd1e0,395
0x007fd370,570
0x007fd5b0,326
0x007fd700,312
0x007fd840,68
0x007fd890,98
0x007fd900,112
0x007fd970,52
0x007fd9b0,396
0x007fdb50,105
0x007fdbc0,196
0x007fdc90,80
0x007fdce0,46
0x007fdd10,122
0x007fdd90,94
0x007fddf0,302
0x007fdf20,125
0x007fdfa0,618
0x007fe210,181
0x007fe2d0,228
0x007fe3c0,89
0x007fe420,669
0x007fe6c0,1531
0x007fecc0,421
0x007fee70,59
0x007feeb0,8
0x007feec0,227
0x007fefb0,4547
0x00800250,452
0x00800420,105
0x00800490,44
0x008004c0,349
0x00800620,1486
0x00800bf0,87
0x00800c50,87
0x00800cb0,199
0x00800d80,81
0x00800de0,158
0x00800e80,91
0x00800ee0,95
0x00800f40,77
0x00800f90,58
0x00800fd0,58
0x00801010,126
0x00801090,1399
0x00801610,89
0x00801670,372
0x008017f0,341
0x00801950,253
0x00801a70,58
0x00801ab0,113
0x00801b30,194
0x00801c00,157
0x00801ca0,87
0x00801d00,61
0x00801d40,28
0x00801d60,212
0x00801e40,237
0x00801f30,31
0x00801f50,44
0x00801f80,28
0x00801fa0,1010
0x008023a0,549
0x008025d0,1875
0x00802d30,455
0x00802f00,7054
0x00804ad0,1073
0x00804f10,6709
0x00806960,2932
0x008074e0,589
0x00807730,634
0x008079b0,19393
0x0080c580,290
0x0080c6b0,1966
0x0080ce60,210
0x0080cf40,262
0x0080d050,2848
0x0080db70,243
0x0080dc70,255
0x0080dd70,316
0x0080deb0,346
0x0080e070,735
0x0080e360,3058
0x0080ef60,74
0x0080efb0,2181
0x0080f870,1380
0x0080fde0,151
0x0080fe80,1326
0x008103c0,328
0x00810510,205
0x008105e0,739
0x008108f0,1021
0x00810cf0,1685
0x00811450,329
0x008115e0,73
0x00811630,101
0x008116a0,101
0x00811710,177
0x008117d0,2436
0x00812160,149
0x00812200,287
0x00812350,593
0x008125b0,158
0x00812650,1826
0x00812d80,616
0x00812ff0,206
0x008130d0,71
0x00813120,202
0x00813200,10493
0x00815b00,161
0x00815be0,278
0x00815d00,434
0x00815ec0,343
0x00816020,647
0x008162c0,304
0x00816400,239
0x008288f0,37
0x00828920,20
0x00828940,17
0x00828960,28
0x00828980,31
0x008289a0,17
0x008289c0,280
0x00828ae0,67
0x00828b30,3334
0x00829850,4055
0x0082a830,157
0x0082a8d0,393
0x0082aa60,418
0x0082ac10,87
0x0082ac70,56
0x0082acb0,129
0x0082ad40,99
0x0082adc0,762
0x0082b0c0,91
0x0082b120,195
0x0082b1f0,137
0x0082b280,75
0x0082b2d0,1365
0x0082b830,70
0x0082b880,58
0x0082b8c0,149
0x0082b990,806
0x0082bcc0,265
0x0082bdd0,282
0x0082bef0,419
0x0082c0a0,152
0x0082c140,101
0x0082c1b0,101
0x0082c220,94
0x0082c280,1464
0x0082c840,316
0x0082c980,123
0x0082ca00,39
0x0082ca30,96
0x0082ca90,357
0x0082cc00,1223
0x0082d0d0,234
0x0082d1c0,45
0x0082d1f0,83
0x0082d250,754
0x0082d5a0,59
0x0082d5e0,142
0x0082d670,500
0x0082d870,221
0x0082d950,10369
0x008301e0,3518
0x00830fa0,3258
0x00831c60,367
0x00831dd0,129
0x00831e80,144
0x00831f10,147
0x00831fb0,221
0x00832090,145
0x00832130,147
0x008321d0,145
0x00832270,204
0x00832340,182
0x00832400,771
0x00832710,138
0x008327a0,234
0x00832890,92
0x008328f0,303
0x00832a50,136
0x00832ae0,608
0x00832d40,68
0x00832d90,263
0x00832eb0,226
0x00832fa0,93
0x00833000,289
0x00833130,153
0x008331d0,173
0x00833280,70
0x008332d0,70
0x00833320,373
0x008334a0,179
0x00833560,209
0x00833640,353
0x008337b0,538
0x008339d0,5
0x008339e0,116
0x00833a60,59
0x00833aa0,245
0x00833ba0,528
0x00833db0,44
0x00833de0,514
0x00833ff0,505
0x008341f0,595
0x00834450,140
0x008344e0,44
0x00834510,190
0x008345d0,91
0x00834630,54
0x00834670,48
0x008346a0,157
0x00834740,110
0x008347b0,48
0x008347e0,532
0x00834a00,146
0x00834aa0,462
0x00834c70,156
0x00834d10,694
0x00834fd0,60
0x00835010,117
0x00835090,71
0x008350e0,457
0x008352b0,50
0x008352f0,171
0x008353a0,279
0x008354c0,349
0x00835620,40
0x00835650,50
0x00835690,40
0x008356c0,349
0x00835820,35
0x00835850,82
0x008358b0,56
0x008358f0,42
0x00835920,87
0x00835980,738
0x00835c70,45
0x00835ca0,44
0x00835cd0,45
0x00835d00,44
0x00835d30,45
0x00835d60,73
0x00835db0,220
0x00835e90,98
0x00835f00,76
0x00835f50,119
0x00835fd0,628
0x00836250,44
0x00836280,202
0x00836350,982
0x00836730,692
0x008369f0,2601
0x00837420,734
0x00837700,501
0x00837900,90
0x00837960,1887
0x008380c0,326
0x00838210,39
0x00838240,36
0x00838290,50
0x008382d0,34
0x00838300,119
0x00838380,67
0x008383d0,200
0x008384a0,869
0x00838810,558
0x00838a40,44
0x00838a70,85
0x00838ad0,176
0x00838b80,79
0x00838bd0,163
0x00838c80,113
0x00838d00,78
0x00838d50,79
0x00838da0,53
0x00838de0,33
0x00838e10,173
0x00838ec0,173
0x00838f70,91
0x00838fd0,109
0x00839040,63
0x00839080,91
0x008390e0,308
0x00839260,1215
0x00839720,44
0x00839750,270
0x00839860,141
0x008398f0,331
0x00839a40,135
0x00839ad0,1682
0x0083a170,110
0x0083a1e0,976
0x0083a5b0,3511
0x0083b370,86
0x0083b3d0,453
0x0083b5a0,16
0x0083b5b0,70
0x0083b600,174
0x0083b6b0,100
0x0083b720,48
0x0083b750,90
0x0083b7b0,292
0x0083b8e0,93
0x0083b940,86
0x0083b9a0,331
0x0083baf0,192
0x0083bbb0,662
0x0083be50,102
0x0083bec0,511
0x0083c0c0,605
0x0083c320,47
0x0083c350,151
0x0083c3f0,57
0x0083c430,121
0x0083c4b0,35
0x0083c4e0,35
0x0083c510,32
0x0083c530,40
0x0083c560,38
0x0083c590,22
0x0083c5b0,48
0x0083c5e0,55
0x0083c620,2579
0x0083d040,120
0x0083d0c0,167
0x0083d170,446
0x0083d340,102
0x0083d3b0,291
0x0083d4e0,51
0x0083d520,301
0x0083d650,1241
0x0083db30,3311
0x0083e820,475
0x0083ea00,91
0x0083ea60,102
0x0083ead0,91
0x0083eb30,4035
0x0083fb00,232
0x0083fbf0,294
0x0083fd20,95
0x0083fd80,1033
0x00840190,191
0x00840250,44
0x00840280,44
0x008402b0,98
0x00840320,234
0x00840410,129
0x008404a0,386
0x00840630,80
0x00840680,153
0x00840720,108
0x00840790,210
0x00840870,204
0x00840940,44
0x00840970,60
0x008409b0,60
0x008409f0,44
0x00840a20,536
0x00840c40,557
0x00840e70,68
0x00840ec0,45
0x00840ef0,91
0x00840f50,481
0x00841140,51
0x00841180,66
0x008411d0,44
0x00841200,154
0x008412a0,410
0x00841440,1388
0x008419b0,581
0x00841c00,109
0x00841c70,106
0x00841ce0,89
0x00841d40,98
0x00841db0,1769
0x008424a0,232
0x00842590,437
0x00842750,69
0x008427a0,1007
0x00842b90,60
0x00842bd0,296
0x00842d00,53
0x00842d40,1980
0x00843500,1082
0x00843960,327
0x00843ab0,201
0x00843b80,598
0x00843de0,1220
0x008442b0,44
0x008442e0,461
0x008444b0,92
0x00844510,76
0x00844560,190
0x00844620,333
0x00844780,210
0x00844860,522
0x00844a70,298
0x00844ba0,665
0x00844e40,51
0x00844e80,51
0x00844ec0,44
0x00844ef0,44
0x00844f20,195
0x00844ff0,200
0x008450e0,60
0x00845120,136
0x008451b0,185
0x00845270,356
0x008453e0,92
0x00845440,92
0x008454a0,72
0x008454f0,46
0x00845520,59
0x00845560,63
0x008455a0,53
0x008455e0,61
0x00845620,235
0x00845730,360
0x008458a0,173
0x00845950,118
0x008459d0,102
0x00845a40,66
0x00845a90,37
0x00845ac0,197
0x00845b90,114
0x00845c10,547
0x00845e50,90
0x00845eb0,281
0x00845fd0,271
0x008460e0,82
0x00846140,90
0x008461a0,82
0x00846200,326
0x00846350,276
0x00846470,173
0x00846520,173
0x008465d0,187
0x00846690,555
0x008468c0,437
0x00846a80,76
0x00846ad0,76
0x00846b20,680
0x00846dd0,292
0x00846f00,267
0x00847010,140
0x008470a0,2435
0x00847a30,51
0x00847a70,793
0x00847e50,190
0x00847f10,122
0x00847f90,274
0x008480b0,1447
0x00848660,326
0x008487b0,188
0x00848870,375
0x008489f0,234
0x00848ae0,331
0x00848c30,192
0x00848cf0,18
0x00848d10,118
0x00848d90,147
0x00848e30,240
0x00848f30,209
0x00849010,54
0x00849050,112
0x008490c0,31
0x008490e0,167
0x00849190,224
0x00849270,253
0x00849370,249
0x00849470,234
0x00849560,94
0x008495c0,2987
0x0084a170,96
0x0084a1d0,96
0x0084a230,939
0x0084a5e0,81
0x0084a640,63
0x0084a680,158
0x0084a720,113
0x0084a7a0,62
0x0084a7e0,284
0x0084a900,132
0x0084a990,307
0x0084aaf0,117
0x0084ab70,117
0x0084abf0,121
0x0084ac70,1311
0x0084b190,476
0x0084b370,287
0x0084b490,60
0x0084b4d0,26
0x0084b4f0,26
0x0084b510,30
0x0084b530,28
0x0084b550,25
0x0084b570,17
0x0084b590,68
0x0084b5e0,65
0x0084b630,444
0x0084b7f0,115
0x0084b870,86
0x0084b8d0,413
0x0084ba70,243
0x0084bb70,256
0x0084bc70,289
0x0084bda0,49
0x0084bde0,242
0x0084bee0,164
0x0084bf90,155
0x0084c040,83
0x0084c0a0,113
0x0084c120,187
0x0084c1e0,441
0x0084c3a0,6331
0x0084dc60,78
0x0084dcb0,78
0x0084dd00,181
0x0084ddc0,19
0x0084dde0,95
0x0084de40,37
0x0084de70,120
0x0084def0,44
0x0084df20,19
0x0084df40,44
0x0084df70,1872
0x0084e6c0,35
0x0084e6f0,4154
0x0084f770,360
0x0084f8e0,32
0x0084f900,465
0x0084fbb0,68
0x0084fc00,200
0x0084fcd0,323
0x0084fe20,490
0x00850010,124
0x00850090,86
0x008500f0,566
0x00850330,543
0x00850550,543
0x00850770,3051
0x00851360,44
0x00851390,985
0x00851770,118
0x008517f0,475
0x008519f0,2383
0x00852340,51
0x00852380,1318
0x008528b0,209
0x00852990,79
0x008529e0,2923
0x00853550,1187
0x00853a00,2611
0x00854440,371
0x008545c0,590
0x00854810,139
0x008548a0,339
0x00854a00,2570
0x00855410,608
0x00855670,28
0x00855690,44
0x008556c0,242
0x008557c0,1892
0x00855f30,4186
0x00856f90,82
0x00856ff0,157
0x00857090,1017
0x00857490,1040
0x008578b0,1646
0x00857f20,251
0x00858020,442
0x008581e0,525
0x008583f0,176
0x008584a0,38
0x008584d0,95
0x00858530,265
0x008586d0,583
0x00858920,21
0x00858940,46
0x00858970,199
0x00858a40,40
0x00858a70,225
0x00858b60,30
0x00858b80,75
0x00858be0,122
0x00858c60,84
0x00858cc0,911
0x00859080,329
0x008591d0,117
0x00859250,24
0x00859270,294
0x008593c0,176
0x00859470,133
0x00859500,27
0x00859520,1127
0x00859990,34
0x008599c0,642
0x00859c50,75
0x00859ca0,285
0x00859dc0,290
0x00859ef0,476
0x0085a0d0,287
0x0085a1f0,1218
0x0085a6c0,247
0x0085a7c0,257
0x0085a8d0,257
0x0085a9e0,3931
0x0085b940,1861
0x0085c090,177
0x0085c150,190
0x0085c220,261
0x0085c330,351
0x0085c490,111
0x0085c500,1592
0x0085cb40,187
0x0085cc00,1619
0x0085d260,95
0x0085d2d0,80
0x0085d320,164
0x0085d3d0,79
0x0085d430,3704
0x0085e2b0,99
0x0085e320,813
0x0085e650,567
0x0085e890,41
0x0085e8c0,502
0x0085ead0,643
0x0085edd0,44
0x0085ee00,119
0x0085ee80,127
0x0085ef00,1217
0x0085f3d0,133
0x0085f460,131
0x0085f4f0,76
0x0085f540,164
0x0085f5f0,440
0x0085f7b0,44
0x0085f7e0,641
0x0085fa70,35
0x0085faa0,35
0x0085fad0,44
0x0085fb70,56
0x0085fbb0,37
0x0085fbe0,556
0x0085fe10,172
0x0085fec0,184
0x0085ff80,248
0x00860080,236
0x00860170,110
0x008601e0,151
0x00860280,56
0x008602c0,467
0x00860520,238
0x00860610,238
0x00860700,954
0x00860ac0,205
0x00860b90,173
0x00860c40,48
0x00860c70,48
0x00860ca0,62
0x00860ce0,77
0x00860d30,133
0x00860dc0,401
0x00861100,71
0x00861150,122
0x008611d0,97
0x00861240,91
0x008612a0,91
0x00861300,91
0x00861360,103
0x008613d0,34
0x00861400,123
0x00861480,73
0x008614d0,262
0x008615e0,171
0x00861690,181
0x00861750,139
0x008617e0,651
0x00861a70,268
0x00861b80,166
0x00861c30,164
0x00861ce0,112
0x00861d50,108
0x00861dc0,195
0x00861e90,53
0x00861ed0,53
0x00861f10,95
0x00861f70,201
0x00862040,128
0x008620c0,2403
0x00862a30,2709
0x008634d0,35
0x00863500,115
0x00863580,60
0x008635c0,81
0x00863620,34
0x00863650,4574
0x00864ed0,53
0x00864f10,53
0x00864f50,619
0x008651c0,13
0x008651d0,79
0x00865220,41
0x00865250,111
0x008652c0,159
0x00865360,22
0x00865380,22
0x008653a0,17
0x008653c0,22
0x008653e0,17
0x00865400,22
0x00865420,171
0x008654d0,435
0x00865690,415
0x00865830,8823
0x00867ab0,140
0x00867b40,349
0x00867ca0,89
0x00867d00,241
0x00867e00,39
0x00867e30,44
0x00867e60,20
0x00867e80,103
0x00867f00,262
0x00868010,67
0x00868060,143
0x00868110,154
0x008681b0,117
0x00868230,108
0x008682a0,139
0x00868330,132
0x008683c0,32
0x008683e0,39
0x00868410,53
0x00868450,78
0x008684a0,54
0x008684e0,42
0x00868510,32
0x00868530,220
0x00868610,197
0x008686e0,38
0x00868710,108
0x00868780,102
0x008687f0,82
0x00868850,173
0x00868900,184
0x008689c0,363
0x00868b30,290
0x00868c60,290
0x00868d90,161
0x00868e40,61
0x00868e80,66
0x00868ed0,129
0x00868f60,129
0x00868ff0,53
0x00869030,53
0x00869070,38
0x008690a0,252
0x008691a0,45
0x008691d0,32
0x008691f0,38
0x00869220,53
0x00869260,53
0x008692a0,43
0x008692d0,8
0x008692e0,8
0x008692f0,8
0x00869300,8
0x00869310,8
0x00869320,8
0x00869330,8
0x00869340,53
0x00869380,61
0x008693c0,8
0x008693d0,8
0x008693e0,8
0x008693f0,8
0x00869400,8
0x00869410,8
0x00869420,8
0x00869430,8
0x00869440,8
0x00869450,8
0x00869460,8
0x00869470,8
0x00869480,8
0x00869490,8
0x008694a0,8
0x008694b0,8
0x008694c0,8
0x008694d0,8
0x008694e0,8
0x008694f0,8
0x00869500,8
0x00869510,8
0x00869520,8
0x00869530,8
0x00869540,8
0x00869550,8
0x00869560,8
0x00869570,8
0x00869580,8
0x00869590,8
0x008695a0,8
0x008695b0,8
0x008695c0,8
0x008695d0,367
0x00869740,458
0x00869910,289
0x00869a60,67
0x00869ab0,1154
0x00869f40,22
0x00869f60,181
0x0086a020,781
0x0086a330,95
0x0086a390,78
0x0086a3e0,73
0x0086a430,859
0x0086a790,575
0x0086a9d0,32
0x0086a9f0,32
0x0086aa10,547
0x0086ac40,130
0x0086acd0,130
0x0086ad60,8
0x0086ad70,8
0x0086ad80,8
0x0086ad90,8
0x0086ada0,8
0x0086adb0,8
0x0086adc0,8
0x0086add0,8
0x0086ade0,8
0x0086adf0,8
0x0086ae00,8
0x0086ae10,8
0x0086ae20,8
0x0086ae30,75
0x0086ae80,8
0x0086ae90,8
0x0086aea0,326
0x0086aff0,67
0x0086b040,73
0x0086b090,361
0x0086b210,187
0x0086b2d0,223
0x0086b3b0,296
0x0086b4e0,260
0x0086b5f0,164
0x0086b6a0,203
0x0086b770,125
0x0086b7f0,146
0x0086b890,187
0x0086b950,210
0x0086ba30,140
0x0086bac0,63
0x0086bb00,63
0x0086bb40,133
0x0086bbd0,67
0x0086bc20,92
0x0086bc80,177
0x0086bd40,177
0x0086be00,8
0x0086be10,8
0x0086be20,8
0x0086be30,8
0x0086be40,8
0x0086be50,8
0x0086be60,8
0x0086be70,8
0x0086be80,8
0x0086be90,75
0x0086bee0,8
0x0086bef0,8
0x0086bf00,8
0x0086bf10,8
0x0086bf20,8
0x0086bf30,8
0x0086bf40,8
0x0086bf50,8
0x0086bf60,8
0x0086bf70,8
0x0086bf80,22
0x0086bfa0,8
0x0086bfb0,8
0x0086bfc0,8
0x0086bfd0,431
0x0086c180,44
0x0086c210,70
0x0086c260,510
0x0086c460,323
0x0086c5b0,389
0x0086c740,539
0x0086c960,481
0x0086cb50,227
0x0086cc40,351
0x0086cda0,235
0x0086ce90,272
0x0086cfa0,319
0x0086d0e0,369
0x0086d260,247
0x0086d360,421
0x0086d510,574
0x0086d770,390
0x0086d900,44
0x0086d930,195
0x0086da00,47
0x0086da30,582
0x0086dc80,1334
0x0086e1c0,493
0x0086e3b0,100
0x0086e420,1585
0x0086ea60,1537
0x0086f070,89
0x0086f0d0,51
0x0086f110,866
0x0086f480,165
0x0086f530,6821
0x00870ff0,224
0x008710d0,1868
0x00871820,394
0x008719b0,94
0x00871a10,2276
0x00872300,1260
0x008727f0,287
0x00872910,572
0x00872b50,1297
0x00873070,750
0x00873360,1948
0x00873b00,447
0x00873d00,237
0x00873df0,350
0x00873f70,1518
0x00874640,341
0x008747b0,200
0x00874880,67
0x008748d0,130
0x00874960,775
0x00875730,1559
0x00875d50,386
0x00875ee0,410
0x00876090,338
0x008761f0,524
0x00876400,193
0x008764d0,50
0x00876510,52
0x00876550,358
0x008766c0,107
0x00876740,83
0x008767a0,353
0x00876910,1290
0x00876e20,89
0x00876e80,135
0x00876f10,33
0x00876f40,165
0x00876ff0,605
0x00877250,889
0x008775e0,355
0x00877750,211
0x00877830,190
0x008778f0,539
0x00877b50,75
0x00877ba0,146
0x00877c40,202
0x00877d20,146
0x00877dc0,65
0x00877e10,65
0x00877e60,65
0x00877eb0,20
0x00877ed0,266
0x00878010,61
0x00878050,311
0x00878190,1948
0x00878930,188
0x008789f0,1309
0x00878f10,786
0x00879290,113
0x00879310,213
0x008793f0,108
0x00879460,410
0x00879600,70
0x00879650,70
0x008796a0,71
0x008796f0,427
0x008798a0,27
0x008798c0,75
0x00879910,27
0x00879930,109
0x008799a0,116
0x00879a20,201
0x00879af0,339
0x00879c50,106
0x00879cc0,94
0x00879d20,109
0x00879d90,106
0x00879e00,94
0x00879e60,27
0x00879e80,141
0x00879f10,108
0x00879f80,788
0x0087a2a0,136
0x0087a330,27
0x0087a350,182
0x0087a410,27
0x0087a430,118
0x0087a4b0,118
0x0087a530,27
0x0087a550,106
0x0087a5c0,366
0x0087a730,57
0x0087a770,1824
0x0087aea0,27
0x0087aec0,123
0x0087af40,160
0x0087afe0,398
0x0087b170,44
0x0087b1a0,146
0x0087b240,418
0x0087b3f0,998
0x0087b7e0,20
0x0087b800,376
0x0087b980,86
0x0087b9e0,92
0x0087ba40,129
0x0087bad0,72
0x0087bb20,175
0x0087bbd0,193
0x0087bca0,97
0x0087bd10,126
0x0087bd90,230
0x0087be80,53
0x0087bec0,1741
0x0087c590,1082
0x0087c9f0,3313
0x0087d6f0,298
0x0087d820,51
0x0087d860,20
0x0087d880,44
0x0087d8b0,222
0x0087d990,481
0x0087db80,262
0x0087dc90,48
0x0087dcc0,343
0x0087de20,196
0x0087def0,170
0x0087dfa0,121
0x0087e020,256
0x0087e130,159
0x0087e1d0,567
0x0087e410,1166
0x0087e8a0,1069
0x0087ecd0,1319
0x0087f200,201
0x0087f2d0,87
0x0087f330,40
0x0087f360,53
0x0087f3a0,99
0x0087f410,279
0x0087f530,1136
0x0087f9a0,305
0x0087fae0,600
0x0087fd40,172
0x0087fdf0,44
0x0087fe20,812
0x00880150,590
0x008803a0,46
0x008803d0,140
0x00880460,170
0x00880510,144
0x008805a0,201
0x00880670,29
0x00880690,171
0x00880740,3814
0x00881640,44
0x00881670,759
0x00881970,1110
0x00881dd0,685
0x00882080,387
0x00882210,18
0x00882230,702
0x008824f0,679
0x008827a0,395
0x00882930,249
0x00882a30,215
0x00882b10,225
0x00882c00,2382
0x00883560,1118
0x008839c0,598
0x00883c20,22
0x00883c40,81
0x00883ca0,40
0x00883cd0,21
0x00883cf0,34
0x00883d20,79
0x00883d70,21
0x00883d90,98
0x00883e00,268
0x00883f10,63
0x00883f50,64
0x00884000,76
0x00884050,324
0x008841a0,62
0x008841e0,616
0x00884450,212
0x00884530,2929
0x008850b0,1112
0x00885590,46
0x008855c0,418
0x00885770,44
0x008857a0,54
0x008857e0,209
0x008858c0,129
0x00885950,74
0x008859a0,150
0x00885a40,98
0x00885ab0,44
0x00885ae0,56
0x00885b20,376
0x00885ca0,237
0x00885d90,247
0x00885e90,32
0x00885eb0,44
0x00885ee0,190
0x00885fa0,49
0x00885fe0,1202
0x008864d0,190
0x008865a0,95
0x00886600,387
0x00886790,53
0x008867d0,67
0x00886820,161
0x008868d0,120
0x00886950,148
0x008869f0,116
0x00886a70,284
0x00886b90,121
0x00886c10,217
0x00886cf0,211
0x00886dd0,56
0x00886e10,388
0x00886fa0,25
0x00886fc0,2275
0x008878b0,30
0x008878d0,30
0x008878f0,46
0x00887920,481
0x00887b10,465
0x00887d20,113
0x00887da0,3217
0x00888a40,91
0x00888aa0,44
0x00888ad0,683
0x00888d80,2834
0x008898a0,502
0x00889ac0,311
0x00889c00,398
0x00889d90,60
0x00889dd0,724
0x0088a0b0,509
0x0088a2b0,354
0x0088a420,407
0x0088a5c0,229
0x0088a6b0,343
0x0088a810,44
0x0088a840,73
0x0088a890,73
0x0088a8e0,120
0x0088a960,273
0x0088aa80,53
0x0088aac0,5655
0x0088c0e0,44
0x0088c110,1338
0x0088c650,208
0x0088c720,161
0x0088c7d0,3570
0x0088d5d0,300
0x0088d700,3516
0x0088e510,136
0x0088e5a0,1132
0x0088ea10,143
0x0088eaa0,672
0x0088ed70,179
0x0088ee30,61
0x0088eed0,273
0x0088eff0,61
0x0088f030,61
0x0088f070,265
0x0088f180,248
0x0088f280,515
0x0088f490,265
0x0088f5a0,234
0x0088f690,212
0x0088f770,54
0x0088f7b0,56
0x0088f7f0,75
0x0088f840,75
0x0088f890,203
0x0088f960,53
0x0088f9a0,54
0x0088f9e0,464
0x0088fbb0,99
0x0088fc20,253
0x0088fd20,506
0x0088ff20,20
0x0088ff40,119
0x0088ffc0,116
0x00890040,356
0x008901b0,169
0x00890260,83
0x008902c0,48
0x008902f0,655
0x00890580,31
0x008905a0,242
0x008906a0,242
0x008907a0,548
0x008909d0,247
0x00890ad0,549
0x00890d00,218
0x00890de0,218
0x00890ec0,195
0x00890f90,195
0x00891060,357
0x008911d0,286
0x008912f0,504
0x008914f0,556
0x00891730,865
0x00891aa0,616
0x00891d10,58
0x00891d50,113
0x00891dd0,699
0x00892090,1319
0x008925c0,44
0x008925f0,625
0x00892870,117
0x008928f0,329
0x00892a40,108
0x00892ac0,128
0x00892b40,211
0x00892c20,812
0x00892f50,254
0x00893050,378
0x008931d0,267
0x008932e0,44
0x00893310,184
0x008933d0,74
0x00893420,52
0x00893460,147
0x00893500,44
0x00893530,98
0x008935a0,428
0x00893750,88
0x008937b0,409
0x00893950,1971
0x00894110,46
0x00894140,469
0x00894320,2424
0x00894ca0,33
0x00894cd0,238
0x00894dc0,199
0x00894e90,383
0x008950e0,380
0x00895260,323
0x008953b0,254
0x008954b0,30
0x008954d0,30
0x008954f0,297
0x00895620,1189
0x00895ad0,44
0x00895b00,440
0x00895cc0,3514
0x00896a80,560
0x00896cb0,95
0x00896d10,671
0x00896fb0,671
0x00897250,97
0x008972c0,271
0x008973d0,2670
0x00897e40,46
0x00897e70,411
0x00898010,1002
0x008984d0,332
0x00898620,101
0x00898690,270
0x008987a0,270
0x008988b0,648
0x00898b40,217
0x00898c20,116
0x00898ca0,205
0x00898d70,46
0x00898da0,29
0x00898dc0,141
0x00898e50,94
0x00898eb0,163
0x00898f60,360
0x00899120,81
0x00899180,66
0x008991d0,49
0x00899210,88
0x00899270,132
0x00899300,120
0x00899380,97
0x008993f0,44
0x00899420,185
0x008994e0,118
0x00899560,59
0x008995a0,67
0x008995f0,62
0x00899630,763
0x00899930,396
0x00899ac0,44
0x00899af0,89
0x00899bb0,126
0x00899c30,123
0x00899cb0,816
0x00899fe0,255
0x0089a0e0,127
0x0089a160,999
0x0089a570,210
0x0089a650,38
0x0089a6e0,127
0x0089a760,829
0x0089aaa0,1095
0x0089aef0,60
0x0089af30,463
0x0089b100,535
0x0089b320,736
0x0089b600,2244
0x0089bed0,403
0x0089c070,250
0x0089c170,170
0x0089c220,104
0x0089c290,181
0x0089c350,617
0x0089c5f0,726
0x0089c8d0,44
0x0089c900,167
0x0089c9b0,13
0x0089ca40,44
0x0089ca70,231
0x0089cb60,238
0x0089cc50,149
0x0089ccf0,37
0x0089cd20,37
0x0089cd50,80
0x0089cda0,53
0x0089cde0,53
0x0089ce20,229
0x0089cf10,20
0x0089cf30,2904
0x0089da90,46
0x0089dac0,113
0x0089db40,230
0x0089dc30,563
0x0089de70,364
0x0089e000,2591
0x0089ea20,292
0x0089eb50,567
0x0089ed90,602
0x0089eff0,2493
0x0089f9b0,87
0x0089fa10,303
0x0089fb40,139
0x0089fbd0,3067
0x008a07d0,136
0x008a0860,250
0x008a0960,2056
0x008a1170,1983
0x008a1930,46
0x008a1960,673
0x008a1c10,57
0x008a1c50,208
0x008a1d20,208
0x008a1df0,180
0x008a1eb0,178
0x008a1f70,157
0x008a2010,89
0x008a2070,203
0x008a2210,225
0x008a2320,461
0x008a24f0,150
0x008a2590,36
0x008a25c0,3146
0x008a3210,44
0x008a3240,1045
0x008a3660,821
0x008a3a80,319
0x008a3bc0,91
0x008a3c20,53
0x008a3c60,2911
0x008a47c0,102
0x008a4830,104
0x008a48a0,292
0x008a49d0,1659
0x008a5050,733
0x008a5330,158
0x008a53d0,265
0x008a54e0,85
0x008a5540,208
0x008a5620,86
0x008a5680,269
0x008a5790,55
0x008a57d0,55
0x008a5810,55
0x008a5850,136
0x008a58e0,493
0x008a5ad0,200
0x008a5ba0,554
0x008a5dd0,350
0x008a5f30,50
0x008a5f70,63
0x008a5fb0,118
0x008a6030,44
0x008a6060,174
0x008a6110,91
0x008a6170,3770
0x008a7030,44
0x008a7060,745
0x008a7350,365
0x008a74c0,96
0x008a7520,195
0x008a75f0,1444
0x008a7ba0,1169
0x008a8040,189
0x008a8100,703
0x008a83d0,174
0x008a8480,433
0x008a8640,132
0x008a86d0,132
0x008a8760,132
0x008a87f0,132
0x008a8880,464
0x008a8b30,398
0x008a8cf0,248
0x008a8df0,913
0x008a91c0,212
0x008a92d0,5143
0x008aa6f0,44
0x008aa720,37
0x008aa750,1638
0x008aadc0,213
0x008aaea0,445
0x008ab060,855
0x008ab3f0,578
0x008ab640,267
0x008ab790,206
0x008ab860,494
0x008aba50,209
0x008abb30,498
0x008abd30,249
0x008abe30,57
0x008abe70,1209
0x008ac330,2719
0x008acdd0,2901
0x008ad930,4767
0x008aec20,236
0x008aed10,1251
0x008af2d0,3670
0x008b0140,110
0x008b01b0,357
0x008b0320,502
0x008b0520,185
0x008b05e0,353
0x008b0750,313
0x008b0890,80
0x008b08e0,260
0x008b09f0,112
0x008b0a60,250
0x008b0b60,44
0x008b0b90,152
0x008b0c30,654
0x008b0ec0,230
0x008b0fb0,658
0x008b1250,2530
0x008b1c40,122
0x008b1cc0,60
0x008b1d00,390
0x008b1ea0,1863
0x008b25f0,46
0x008b2620,560
0x008b2850,357
0x008b29e0,1410
0x008b2f70,1410
0x008b3500,198
0x008b35d0,93
0x008b3630,243
0x008b3730,30
0x008b3750,194
0x008b3820,44
0x008b38e0,617
0x008b3b50,169
0x008b3c00,1633
0x008b4270,3259
0x008b4f30,44
0x008b4f60,1152
0x008b53e0,71
0x008b5430,177
0x008b54f0,27
0x008b5510,1279
0x008b5a10,914
0x008b5db0,597
0x008b6010,378
0x008b61c0,1897
0x008b6930,960
0x008b6cf0,132
0x008b6d80,267
0x008b6e90,1565
0x008b74b0,422
0x008b7660,147
0x008b7700,517
0x008b7910,364
0x008b7a80,309
0x008b7bc0,466
0x008b7da0,299
0x008b7ed0,299
0x008b8000,105
0x008b8070,105
0x008b80e0,44
0x008b8110,129
0x008b81a0,236
0x008b82a0,60
0x008b82e0,1146
0x008b8760,46
0x008b8790,279
0x008b88b0,487
0x008b8aa0,51
0x008b8ae0,340
0x008b8c40,192
0x008b8d00,46
0x008b8d30,421
0x008b8ee0,341
0x008b9040,219
0x008b9120,201
0x008b91f0,632
0x008b9470,46
0x008b94a0,227
0x008b9590,778
0x008b98d0,28
0x008b98f0,548
0x008b9b20,134
0x008b9bb0,297
0x008b9ce0,335
0x008b9e30,25
0x008b9e50,46
0x008b9e80,206
0x008b9f50,55
0x008b9f90,55
0x008b9fd0,863
0x008ba330,233
0x008ba420,208
0x008ba4f0,37
0x008ba520,113
0x008ba5a0,278
0x008ba6c0,48
0x008ba700,537
0x008ba940,50
0x008ba980,275
0x008baaa0,114
0x008bab20,263
0x008bac30,110
0x008baca0,245
0x008bada0,367
0x008baf10,190
0x008bafd0,257
0x008bb0e0,283
0x008bb200,85
0x008bb260,748
0x008bb550,52
0x008bb590,49
0x008bb5d0,758
0x008bb8d0,418
0x008bba80,1263
0x008bbf70,44
0x008bbfa0,161
0x008bc050,162
0x008bc100,292
0x008bc230,234
0x008bc320,177
0x008bc3e0,566
0x008bc620,2317
0x008bcf30,44
0x008bcf60,92
0x008bcfc0,194
0x008bd090,255
0x008bd190,113
0x008bd210,96
0x008bd270,331
0x008bd3c0,508
0x008bd5c0,33
0x008bd5f0,33
0x008bd620,383
0x008bd7a0,62
0x008bd910,461
0x008bdae0,44
0x008bdb10,300
0x008bdc40,51
0x008bdc90,384
0x008bde10,44
0x008bde40,263
0x008bdf50,1654
0x008be5d0,81
0x008be630,108
0x008be6a0,152
0x008be740,1247
0x008bec20,81
0x008bec80,98
0x008becf0,135
0x008bed80,117
0x008bee10,434
0x008befd0,46
0x008bf000,211
0x008bf0e0,372
0x008bf280,1902
0x008bf9f0,79
0x008bfa40,84
0x008bfaa0,183
0x008bfb60,372
0x008bfce0,286
0x008bfe30,235
0x008bff20,88
0x008bff80,38
0x008bffb0,38
0x008bffe0,38
0x008c0010,477
0x008c01f0,609
0x008c0460,536
0x008c0680,510
0x008c0880,143
0x008c0910,237
0x008c0a00,191
0x008c0ac0,259
0x008c0bd0,172
0x008c0c80,47
0x008c0cb0,2532
0x008c16a0,286
0x008c17f0,235
0x008c18e0,66
0x008c1930,185
0x008c19f0,1268
0x008c1ef0,46
0x008c1f20,157
0x008c1fc0,343
0x008c2140,84
0x008c21a0,99
0x008c2210,399
0x008c23a0,16
0x008c23b0,44
0x008c2450,1290
0x008c2960,8676
0x008c4b50,3008
0x008c5740,3066
0x008c6340,162
0x008c63f0,121
0x008c6470,266
0x008c6580,194
0x008c6650,2059
0x008c6e60,44
0x008c6e90,534
0x008c70b0,582
0x008c7300,39
0x008c7330,187
0x008c73f0,65
0x008c7440,68
0x008c7490,113
0x008c7510,1419
0x008c7aa0,551
0x008c7cd0,329
0x008c7e20,316
0x008c7f60,386
0x008c80f0,922
0x008c8490,44
0x008c84c0,394
0x008c8650,287
0x008c8770,256
0x008c8880,1960
0x008c9030,846
0x008c9380,183
0x008c9460,738
0x008c9750,1250
0x008c9c40,456
0x008c9e10,3853
0x008cad20,44
0x008cad50,1248
0x008cb230,80
0x008cb290,90
0x008cb2f0,2785
0x008cbde0,3215
0x008cca70,258
0x008ccb80,493
0x008ccd70,250
0x008cce70,491
0x008cd060,594
0x008cd2c0,1503
0x008cd8e0,522
0x008cdb00,2043
0x008ce300,225
0x008ce3f0,1340
0x008ce930,449
0x008ceb00,3921
0x008cfa60,167
0x008cfb10,247
0x008cfc10,204
0x008cfd10,123
0x008cfd90,481
0x008cff80,202
0x008d0050,44
0x008d0110,622
0x008d0380,230
0x008d0470,773
0x008d0780,2199
0x008d1020,4339
0x008d2120,44
0x008d2150,99
0x008d21c0,1251
0x008d26b0,1714
0x008d2d70,252
0x008d2e70,177
0x008d2f30,182
0x008d2ff0,1259
0x008d34e0,476
0x008d36d0,555
0x008d3900,2391
0x008d4260,391
0x008d4420,149
0x008d44c0,80
0x008d4510,80
0x008d4560,135
0x008d45f0,135
0x008d4680,1085
0x008d4ac0,1184
0x008d4f60,108
0x008d4fd0,267
0x008d50e0,3391
0x008d5e20,462
0x008d5ff0,147
0x008d6090,482
0x008d6280,147
0x008d6320,330
0x008d6470,352
0x008d65d0,633
0x008d6850,739
0x008d6b40,79
0x008d6b90,3773
0x008d7a50,44
0x008d7a80,99
0x008d7af0,1202
0x008d7fb0,915
0x008d8350,127
0x008d83d0,177
0x008d8490,156
0x008d8530,1260
0x008d8a20,555
0x008d8c50,1782
0x008d9350,327
0x008d94d0,41
0x008d9500,80
0x008d9550,135
0x008d95e0,775
0x008d98f0,1134
0x008d9d60,108
0x008d9dd0,267
0x008d9ee0,2766
0x008da9b0,462
0x008dab80,147
0x008dac20,482
0x008dae10,147
0x008daeb0,339
0x008db010,352
0x008db170,559
0x008db3a0,571
0x008db5e0,65
0x008db630,4026
0x008dc5f0,44
0x008dc620,1338
0x008dcb60,20
0x008dcb80,90
0x008dcbe0,2353
0x008dd520,1201
0x008dd9e0,258
0x008ddaf0,379
0x008ddc70,336
0x008dddd0,326
0x008ddf20,950
0x008de2e0,1539
0x008de8f0,360
0x008dea60,2575
0x008df470,208
0x008df550,93
0x008df5b0,198
0x008df680,358
0x008df7f0,316
0x008df930,3659
0x008e0780,46
0x008e07b0,708
0x008e0a80,413
0x008e0c50,101
0x008e0cc0,122
0x008e0d40,120
0x008e0dc0,122
0x008e0e40,122
0x008e0ec0,122
0x008e0f40,36
0x008e0f70,65
0x008e0fc0,178
0x008e1080,178
0x008e1140,127
0x008e11c0,181
0x008e1280,391
0x008e1410,341
0x008e1570,94
0x008e15d0,70
0x008e1620,491
0x008e1810,1702
0x008e1ec0,46
0x008e1ef0,31
0x008e1f10,324
0x008e2060,459
0x008e2230,459
0x008e2400,90
0x008e2460,294
0x008e25b0,36
0x008e25e0,49
0x008e2620,333
0x008e2770,355
0x008e28e0,302
0x008e2a10,2527
0x008e33f0,526
0x008e3610,96
0x008e3670,138
0x008e3700,43
0x008e3730,199
0x008e3800,674
0x008e3ab0,16
0x008e3ac0,914
0x008e3e60,1248
0x008e4340,516
0x008e4550,3170
0x008e51c0,390
0x008e5350,303
0x008e5480,96
0x008e54e0,1000
0x008e58d0,44
0x008e5900,177
0x008e59c0,3694
0x008e6830,2463
0x008e7200,37
0x008e7230,281
0x008e7350,299
0x008e7480,183
0x008e7540,767
0x008e7840,824
0x008e7b80,4926
0x008e8f00,74
0x008e8f50,476
0x008e91b0,410
0x008e9350,410
0x008e94f0,933
0x008e98a0,2384
0x008ea1f0,5560
0x008eb7b0,410
0x008eb950,410
0x008ebaf0,410
0x008ebc90,1766
0x008ec380,425
0x008ec530,2457
0x008eced0,616
0x008ed140,605
0x008ed3a0,628
0x008ed620,410
0x008ed7c0,692
0x008eda80,202
0x008edb50,1805
0x008ee260,94
0x008ee2c0,51
0x008ee300,446
0x008ee4c0,184
0x008ee580,611
0x008ee7f0,44
0x008ee820,156
0x008ee8c0,1695
0x008eef70,5528
0x008f0510,109
0x008f0580,524
0x008f0790,42
0x008f07c0,546
0x008f09f0,819
0x008f0d30,131
0x008f0dc0,478
0x008f0fa0,148
0x008f1040,1531
0x008f1640,433
0x008f1800,476
0x008f19e0,5028
0x008f2d90,120
0x008f2e10,16
0x008f2e20,112
0x008f2e90,203
0x008f2f60,83
0x008f2fc0,202
0x008f3090,16
0x008f30a0,2809
0x008f3ba0,124
0x008f3c20,16
0x008f3c90,111
0x008f3d00,361
0x008f3e70,83
0x008f3ed0,130
0x008f3f60,16
0x008f3f70,284
0x008f4090,41
0x008f40c0,44
0x008f4150,127
0x008f41d0,749
0x008f44c0,733
0x008f4840,385
0x008f4af0,4281
0x008f5bb0,44
0x008f5be0,1512
0x008f61d0,68
0x008f6220,78
0x008f6270,30
0x008f6290,134
0x008f6320,358
0x008f6490,305
0x008f65d0,2561
0x008f6fe0,2241
0x008f78b0,234
0x008f79a0,865
0x008f7d10,268
0x008f7e20,200
0x008f7ef0,226
0x008f7fe0,141
0x008f8070,579
0x008f82c0,366
0x008f8430,41
0x008f8460,44
0x008f8490,28
0x008f84b0,26
0x008f84d0,55
0x008f8510,41
0x008f85a0,155
0x008f8640,178
0x008f8710,263
0x008f8820,41
0x008f8850,44
0x008f88e0,190
0x008f89a0,289
0x008f8ad0,459
0x008f8d50,376
0x008f8fe0,41
0x008f9010,44
0x008f90a0,127
0x008f9120,207
0x008f91f0,177
0x008f92b0,3843
0x008fa1c0,44
0x008fa1f0,127
0x008fa270,124
0x008fa2f0,605
0x008fa550,179
0x008fa610,139
0x008fa6a0,295
0x008fa7d0,1054
0x008fabf0,138
0x008faca0,1151
0x008fb130,1635
0x008fb7a0,1041
0x008fbbc0,44
0x008fbbf0,526
0x008fbe00,228
0x008fbef0,2289
0x008fc7f0,227
0x008fc8e0,2940
0x008fd460,44
0x008fd490,802
0x008fd7c0,342
0x008fd950,946
0x008fdd10,237
0x008fde00,186
0x008fdec0,76
0x008fdf10,334
0x008fe060,235
0x008fe150,352
0x008fe2b0,112
0x008fe320,150
0x008fe3c0,68
0x008fe410,63
0x008fe450,44
0x008fe4f0,348
0x008fe650,22
0x008fe670,113
0x008fe6f0,305
0x008fe830,98
0x008fe8a0,197
0x008fe970,238
0x008fea60,146
0x008feb00,170
0x008febb0,490
0x008feda0,98
0x008fee10,46
0x008fee40,223
0x008fef20,349
0x008ff080,908
0x008ff430,739
0x008ff720,483
0x008ff910,140
0x008ff9a0,327
0x008ffaf0,502
0x008ffd60,71
0x008ffdb0,272
0x008ffec0,83
0x008fff20,1664
0x009005a0,44
0x009005d0,458
0x009007a0,374
0x00900940,1021
0x00900d40,234
0x00900e30,422
0x00900fe0,363
0x00901150,349
0x009012b0,95
0x00901310,215
0x009013f0,62
0x00901430,62
0x00901470,62
0x009014b0,211
0x00901590,274
0x009016b0,256
0x009017b0,279
0x009018d0,114
0x00901950,244
0x00901a50,167
0x00901b00,111
0x00901b70,29
0x00901b90,66
0x00901be0,68
0x00901c30,308
0x00901d70,2215
0x00902620,480
0x00902800,392
0x00902990,273
0x00902ab0,58
0x00902af0,103
0x00902b60,76
0x00902bb0,41
0x00902be0,44
0x00902c70,127
0x00902cf0,404
0x00902ea0,180
0x00902f60,2867
0x00903aa0,44
0x00903ad0,196
0x00903ba0,581
0x00903df0,221
0x00903ed0,101
0x00903f40,1225
0x00904420,191
0x009044e0,38
0x00904510,239
0x00904600,184
0x009046c0,184
0x00904780,55
0x009047c0,45
0x009047f0,34
0x00904820,22
0x00904840,22
0x00904860,22
0x00904880,22
0x009048a0,116
0x00904920,52
0x00904960,80
0x009049b0,206
0x00904a80,4292
0x00905b50,46
0x00905b80,1423
0x00906110,510
0x00906310,304
0x00906440,219
0x00906520,79
0x00906570,913
0x00906910,1584
0x00906f40,969
0x00907310,36
0x00907340,30
0x00907360,326
0x009074b0,41
0x009074e0,2903
0x00908040,44
0x00908070,1004
0x00908460,139
0x009084f0,74
0x00908540,986
0x00908920,281
0x00908a80,92
0x00908ae0,107
0x00908b50,368
0x00908cc0,359
0x00908e30,299
0x00908f70,597
0x009091e0,240
0x009092d0,143
0x00909360,644
0x009095f0,432
0x009097a0,293
0x009098d0,676
0x00909b80,379
0x00909d00,106
0x00909d70,113
0x00909e00,2914
0x0090a970,44
0x0090a9a0,1004
0x0090ad90,142
0x0090ae20,115
0x0090aea0,861
0x0090b200,281
0x0090b360,203
0x0090b430,634
0x0090b6b0,472
0x0090b890,263
0x0090b9b0,491
0x0090bbb0,244
0x0090bcb0,147
0x0090bd50,570
0x0090bf90,395
0x0090c120,271
0x0090c230,344
0x0090c390,401
0x0090c530,106
0x0090c5a0,113
0x0090c620,74
0x0090c670,44
0x0090c6a0,7526
0x0090e410,44
0x0090e440,974
0x0090e810,54
0x0090e850,245
0x0090e990,297
0x0090eac0,786
0x0090ede0,2082
0x0090f610,984
0x0090f9f0,127
0x0090fa70,136
0x0090fb00,68
0x0090fb50,125
0x0090fbd0,1727
0x009102a0,247
0x009103a0,195
0x00910470,30
0x00910490,7519
0x009121f0,44
0x00912220,977
0x00912600,54
0x00912640,272
0x00912790,163
0x00912840,1268
0x00912d40,1088
0x00913180,782
0x00913490,127
0x00913510,81
0x00913570,63
0x009135c0,131
0x00913650,451
0x00913820,1607
0x00913e80,370
0x00914000,1248
0x009144e0,44
0x00914510,196
0x009145e0,1191
0x00914a90,224
0x00914b90,51
0x00914bd0,22
0x00914bf0,361
0x00914d60,52
0x00914da0,204
0x00914e70,203
0x00914f40,198
0x00915010,198
0x009150e0,122
0x00915160,32
0x00915180,34
0x009151b0,121
0x00915230,32
0x00915250,21
0x00915270,21
0x00915290,58
0x009152d0,31
0x009152f0,144
0x00915380,68
0x009153d0,975
0x009157a0,44
0x009157d0,196
0x009158a0,38
0x009158d0,173
0x009159a0,54
0x009159e0,1123
0x00915e50,52
0x00915e90,204
0x00915f60,361
0x009160d0,145
0x00916170,32
0x00916190,34
0x009161c0,832
0x00916500,22
0x00916520,144
0x009165b0,68
0x00916600,61
0x00916640,861
0x009169a0,26
0x009169c0,26
0x009169e0,46
0x00916a10,281
0x00916b30,173
0x00916c10,83
0x00916c70,52
0x00916cb0,52
0x00916cf0,507
0x00916ef0,2821
0x00917a00,46
0x00917a30,517
0x00917c40,51
0x00917c80,169
0x00917d60,182
0x00917e20,81
0x00917e80,81
0x00917ee0,34
0x00917f10,279
0x00918030,998
0x00918420,774
0x00918730,953
0x00918af0,30
0x00918b10,951
0x00918ed0,46
0x00918f00,317
0x00919040,319
0x00919190,127
0x00919230,154
0x009192d0,34
0x00919300,293
0x00919430,571
0x009196fd,11
0x00919723,100
0x00919c17,24
0x00919f9b,15
0x0091a0f8,16
0x0091a3b0,10
0x0091a4be,8
0x0091a61f,10
0x0091a725,8
0x0091a8a0,10
0x0091a9e3,10
0x0091ab3f,17
0x0091ab6e,9
0x0091abc0,10
0x0091c3ad,17
0x0091c4a1,13
0x0091c4ae,30
0x0091c4cc,29
0x0091c4f4,33
0x0091c515,39
0x0091c627,8
0x0091c6aa,11
0x0091c70b,9
0x0091c7cf,1
0x0091c860,28
0x0091c896,117
0x0091ca1d,10
0x0091cae1,10
0x0091cb10,20
0x0091cb24,9
0x0091cb2d,157
0x0091cc66,9
0x0091cc6f,9
0x0091ce55,15
0x0091cf18,11
0x0091cff0,7
0x0091d000,232
0x0091d288,11
0x0091d3b4,6
0x0091d6cb,24
0x0091e390,525
0x0091e5f2,40
0x0091e620,246
0x0091e770,63
0x0091e7ff,154
0x0091e899,6
0x0091ea50,63
0x0091eadf,154
0x0091eb79,18
0x0091ec70,498
0x0091ed90,502
0x0091f147,8
0x0091f3e5,10
0x0091f820,63
0x0091f8af,158
0x0091f9e9,19
0x0091fa70,246
0x0091fbc0,10
0x0091fbf2,16
0x0091fc10,10
0x00920080,256
0x009201d0,197
0x009202f0,256
0x00920660,10
0x00920a71,9
0x00920b74,9
0x00920c32,9
0x00920d30,10
0x00920dac,48
0x00921515,26
0x009215dd,9
0x009216b0,50
0x00921787,8
0x0092178f,11
0x00921a83,11
0x00921dcd,12
0x009229fb,9
0x00922a07,9
0x00922a38,5
0x00922a3d,28
0x00922aed,51
0x00923a53,15
0x00923ab3,39
0x00923c48,27
0x00923da1,49
0x00923f10,118
0x00924640,29
0x0092497f,9
0x00924988,9
0x00924b3e,9
0x00924b4a,9
0x00924d19,19
0x0092527d,9
0x00925648,9
0x00925757,8
0x009257c6,9
0x00925fd4,10
0x00926732,10
0x00926883,10
0x0092696e,10
0x00926bb1,10
0x00926c5d,23
0x00926d2e,9
0x00926f31,10
0x00927021,45
0x00929cb1,9
0x00929fd3,7
0x00929fe0,23
0x0092a040,21
0x0092a055,23
0x0092a06c,25
0x0092a0c8,22
0x0092a0de,13
0x0092a129,163
0x0092a3d6,38
0x0092a883,15
0x0092a8bf,15
0x0092aa4d,15
0x0092aa5c,15
0x0092ab65,9
0x0092b616,9
0x0092bac5,9
0x0092bb06,9
0x0092bdfd,6
0x0092be03,6
0x0092be09,6
0x0092be0f,6
0x0092bf09,129
0x0092c4e0,25
0x0092c4f9,2872
0x0092d2ad,320
0x0092d3f0,24
0x0092d408,6
0x0092d40e,1334
0x0092d950,24
0x0092d968,6
0x0092d96e,425
0x0092dbc0,24
0x0092dbd8,6
0x0092dbde,395
0x0092e4f8,185
0x0092e5fb,88
0x0092f973,10
0x0092fa20,24
0x0092fa38,6
0x0092fa3e,564
0x0092fc98,1384
0x009302c3,7
0x009302ca,327
0x00930c86,518
0x00930e8c,178
0x0093127c,9
0x009312c0,24
0x009312d8,6
0x009312de,590
0x00931548,723
0x00931820,24
0x00931838,6
0x0093183e,614
0x00931bac,9
0x00933232,3
0x00933ee4,10
0x00934118,3
0x00934455,9
0x00935221,46
0x00936ca0,9
0x00938f8c,33
0x00939055,23
0x0093906c,9
0x00939075,9
0x009390af,41
0x00939100,23
0x00939117,29
0x00939134,29
0x00939151,55
0x009391aa,55
0x009392f7,7
0x0093939b,6
0x00939962,35
0x0093b470,128
0x0093b4f0,95
0x0093b550,31
0x0093b570,21
0x0093b590,35
0x0093b5c0,21
0x0093b5e0,21
0x0093b600,33
0x0093b630,21
0x0093b650,170
0x0093b700,105
0x0093b770,239
0x0093b860,163
0x0093b910,167
0x0093b9c0,207
0x0093ba90,58
0x0093bad0,300
0x0093bc00,1289
0x0093c130,278
0x0093c250,161
0x0093c300,177
0x0093c3c0,169
0x0093c470,223
0x0093c550,165
0x0093c600,115
0x0093c680,281
0x0093c7a0,179
0x0093c860,80
0x0093c8b0,172
0x0093c960,81
0x0093c9c0,61
0x0093ca00,45
0x0093ca30,10
0x0093ca40,685
0x0093cd00,206
0x0093cde0,535
0x0093d000,78
0x0093d050,107
0x0093d0c0,44
0x0093d0f0,28
0x0093d110,74
0x0093d160,65
0x0093d1b0,76
0x0093d200,164
0x0093d2b0,440
0x0093d470,44
0x0093d4a0,107
0x0093d510,44
0x0093d540,28
0x0093d560,73
0x0093d5b0,74
0x0093d600,98
0x0093d670,65
0x0093d6c0,76
0x0093d710,164
0x0093d7c0,440
0x0093d980,44
0x0093d9b0,17
0x0093d9d0,17
0x0093d9f0,17
0x0093da10,17
0x0093da30,17
0x0093da50,17
0x0093da70,17
0x0093da90,17
0x0093dab0,17
0x0093dad0,17
0x0093daf0,17
0x0093db10,17
0x0093db30,17
0x0093db50,17
0x0093db70,771
0x0093de80,153
0x0093df20,17
0x0093df40,17
0x0093df60,17
0x0093df80,396
0x0093e110,161
0x0093e1c0,399
0x0093e350,166
0x0093e400,396
0x0093e590,161
0x0093e640,399
0x0093e7d0,166
0x0093e880,399
0x0093ea10,166
0x0093eac0,399
0x0093ec50,166
0x0093ed00,399
0x0093ee90,166
0x0093ef40,166
0x0093eff0,399
0x0093f180,166
0x0093f230,107
0x0093f2a0,44
0x0093f2d0,28
0x0093f2f0,65
0x0093f340,132
0x0093f3d0,93
0x0093f430,76
0x0093f480,164
0x0093f530,434
0x0093f6f0,44
0x0093f720,107
0x0093f790,44
0x0093f7c0,28
0x0093f7e0,65
0x0093f830,51
0x0093f870,51
0x0093f8b0,187
0x0093f970,183
0x0093fa30,114
0x0093fab0,103
0x0093fb20,76
0x0093fb70,164
0x0093fc20,434
0x0093fde0,44
0x0093fe10,107
0x0093fe80,44
0x0093feb0,28
0x0093fed0,85
0x0093ff30,51
0x0093ff70,51
0x0093ffb0,438
0x00940170,349
0x009402d0,86
0x00940330,282
0x00940450,76
0x009404a0,164
0x00940550,440
0x00940710,44
0x00940740,107
0x009407b0,44
0x009407e0,28
0x00940800,51
0x00940840,74
0x00940890,76
0x009408e0,164
0x00940990,440
0x00940b50,44
0x00940b80,107
0x00940bf0,44
0x00940c20,28
0x00940c40,74
0x00940c90,76
0x00940ce0,164
0x00940d90,440
0x00940f50,44
0x00940f80,107
0x00940ff0,44
0x00941020,28
0x00941040,74
0x00941090,76
0x009410e0,164
0x00941190,440
0x00941350,44
0x00941380,107
0x009413f0,44
0x00941420,28
0x00941440,69
0x00941490,51
0x009414d0,74
0x00941520,49
0x00941560,90
0x009415c0,65
0x00941610,76
0x00941660,164
0x00941710,440
0x009418d0,44
0x00941960,44
0x00941990,28
0x009419b0,100
0x00941a20,108
0x00941b00,44
0x00941b30,28
0x00941b50,73
0x00941ba0,127
0x00941c20,285
0x00941d40,289
0x00941e70,71
0x00941ec0,44
0x00941ef0,28
0x00941f10,71
0x00941f60,44
0x00941f90,28
0x00941fb0,71
0x00942000,44
0x00942030,28
0x009420b0,44
0x009420e0,28
0x00942100,86
0x00942160,56
0x009421a0,108
0x00942210,57
0x00942250,44
0x009422e0,75
0x00942330,43
0x00942360,2326
0x00942c80,3826
0x00943bd0,76
0x00943c20,164
0x00943cd0,440
0x00943e90,44
0x00943ec0,161
0x00943f70,44
0x00943fa0,28
0x00943fc0,1009
0x009443c0,2263
0x00944ca0,59
0x00944ce0,44
0x00944d10,102
0x00944d80,338
0x00944ee0,41
0x00944f10,17
0x00944f30,71
0x00944f80,65
0x00944fd0,76
0x00945020,164
0x009450d0,440
0x00945290,44
0x009452c0,131
0x00945350,44
0x00945380,28
0x009453a0,75
0x009453f0,17
0x00945410,147
0x009454b0,905
0x00945860,296
0x00945990,840
0x00945ce0,121
0x00945d60,44
0x00945d90,28
0x00945db0,192
0x00945e70,34
0x00945ea0,17
0x00945ec0,96
0x00945f20,665
0x009461c0,61
0x00946200,44
0x00946230,28
0x00946250,46
0x00946280,79
0x00946835,10
0x00947582,46
0x00983210,15
0x00983220,33
0x00983250,28
0x00983270,28
0x00983290,28
0x009832b0,28
0x009832d0,28
0x009832f0,163
0x009833a0,41
0x009833d0,33
0x00983400,41
0x00983430,30
0x00983450,29
0x00983470,30
0x00983490,30
0x009834b0,30
0x009834d0,30
0x009834f0,30
0x00983510,29
0x00983530,30
0x00983550,15
0x00983560,30
0x00983580,30
0x009835a0,30
0x009835c0,30
0x009835e0,41
0x00983610,41
0x00983640,29
0x00983660,30
0x00983680,29
0x009836a0,29
0x009836c0,37
0x009836f0,30
0x00983710,37
0x00983740,37
0x00983770,37
0x009837a0,30
0x009837c0,30
0x009837e0,30
0x00983800,30
0x00983820,29
0x00983840,29
0x00983860,37
0x00983890,41
0x009838c0,41
0x009838f0,41
0x00983920,30
0x00983940,30
0x00983960,30
0x00983980,30
0x009839a0,30
0x009839c0,30
0x009839e0,30
0x00983a00,30
0x00983a20,30
0x00983a40,30
0x00983a60,30
0x00983a80,30
0x00983aa0,30
0x00983ac0,30
0x00983ae0,30
0x00983b00,30
0x00983b20,30
0x00983b40,30
0x00983b60,30
0x00983b80,29
0x00983ba0,29
0x00983bc0,29
0x00983be0,29
0x00983c00,30
0x00983c20,30
0x00983c40,33
0x00983c70,30
0x00983c90,41
0x00983cc0,41
0x00983cf0,30
0x00983d10,30
0x00983d30,37
0x00983d60,29
0x00983d80,29
0x00983da0,29
0x00983dc0,15
0x00983dd0,30
0x00983df0,28
0x00983e10,28
0x00983e30,33
0x00983e60,17
0x00983e80,28
0x00983ea0,38
0x00983ed0,38
0x00983f00,38
0x00983f30,38
0x00983f60,38
0x00983f90,38
0x00983fc0,38
0x00983ff0,38
0x00984020,38
0x00984050,38
0x00984080,38
0x009840b0,38
0x009840e0,38
0x00984110,38
0x00984140,38
0x00984170,38
0x009841a0,38
0x009841d0,38
0x00984200,38
0x00984230,38
0x00984260,38
0x00984290,38
0x009842c0,38
0x009842f0,38
0x00984320,38
0x00984350,38
0x00984380,38
0x009843b0,38
0x009843e0,38
0x00984410,38
0x00984440,38
0x00984470,38
0x009844a0,38
0x009844d0,38
0x00984500,38
0x00984530,37
0x00984560,37
0x00984590,37
0x009845c0,33
0x009845f0,33
0x00984620,28
0x00984640,29
0x00984660,41
0x00984690,37
0x009846c0,41
0x009846f0,29
0x00984710,29
0x00984730,37
0x00984760,33
0x00984790,33
0x009847c0,37
0x009847f0,41
0x00984820,37
0x00984850,37
0x00984880,41
0x009848b0,41
0x009848e0,41
0x00984910,41
0x00984940,41
0x00984970,41
0x009849a0,41
0x009849d0,41
0x00984a00,41
0x00984a30,37
0x00984a60,37
0x00984a90,28
0x00984ab0,28
0x00984ad0,33
0x00984b00,33
0x00984b30,33
0x00984b60,33
0x00984b90,217
0x00984cb0,28
0x00984cd0,42
0x00984d00,15
0x00984d10,15
0x00984d20,15
0x00984d30,15
0x00984d40,15
0x00984d50,18
0x00984d70,24
0x00984d90,15
0x00984da0,15
0x00984db0,15
0x00984dc0,15
0x00984dd0,15
0x00984de0,15
0x00984df0,15
0x00984e00,15
0x00984e10,15
0x00984e20,15
0x00984e30,15
0x00984e40,15
0x00984e50,15
0x00984e60,83
0x00984ec0,15
0x00984ed0,15
0x00984ee0,15
0x00984ef0,15
0x00984f00,105
0x00984f70,105
0x00984fe0,105
0x00985050,15
0x00985060,15
0x00985070,15
0x00985080,15
0x00985090,15
0x009850a0,15
0x009850b0,15
0x009850c0,15
0x009850d0,15
0x009850e0,15
0x009850f0,15
0x00985100,15
0x00985110,15
0x00985120,15
0x00985130,15
0x00985140,15
0x00985150,15
0x00985160,15
0x00985170,15
0x00985180,15
0x00985190,15
0x009851a0,15
0x009851b0,15
0x009851c0,15
0x009851d0,15
0x009851e0,15
0x009851f0,15
0x00985200,15
0x00985210,15
0x00985220,15
0x00985230,15
0x00985240,96
0x009852a0,15
0x009852b0,15
0x009852c0,15
0x009852d0,15
0x009852e0,15
0x009852f0,15
0x00985300,15
0x00985310,15
0x00985320,15
0x00985330,15
0x00985340,15
0x00985350,15
0x00985360,15
0x00985370,15
0x00985380,15
0x00985390,15
0x009853a0,15
0x009853b0,15
0x009853c0,15
0x009853d0,15
0x009853e0,15
0x009853f0,15
0x00985400,15
0x00985410,15
0x00985420,15
0x00985430,15
0x00985440,15
0x00985450,15
0x00985460,15
0x00985470,15
0x00985480,15
0x00985490,15
0x009854a0,15
0x009854b0,15
0x009854c0,15
0x009854d0,15
0x009854e0,15
0x009854f0,15
0x00985500,15
0x00985510,15
0x00985520,15
0x00985530,15
0x00985540,15
0x00985550,15
0x00985560,15
0x00985570,15
0x00985580,15
0x00985590,15
0x009855a0,15
0x009855b0,15
0x009855c0,15
0x009855d0,15
0x009855e0,15
0x009855f0,15
0x00985600,15
0x00985610,15
0x00985620,15
0x00985630,15
0x0098563f,20
0x00985653,10
0x0098565d,10
0x00985667,10
0x00985671,10
0x00985680,15
0x00985690,24
